segment_id,split_label,anomaly_label,domain_shift_op,domain_shift_env,imp23absu_mic,ism330dhcx_acc,ism330dhcx_gyro,split
20240423_10_24_07_segment_0,Normal_Target_Test,normal,spd1000,BckgB,imp23absu_mic_20240423_10_24_07_DataLog_0.parquet,ism330dhcx_acc_20240423_10_24_07_DataLog_0.parquet,ism330dhcx_gyro_20240423_10_24_07_DataLog_0.parquet,train
20240423_18_01_49_segment_0,Anomaly_Source_Test,magnetic,spd1700,BckgC,imp23absu_mic_20240423_18_01_49_DataLog_0.parquet,ism330dhcx_acc_20240423_18_01_49_DataLog_0.parquet,ism330dhcx_gyro_20240423_18_01_49_DataLog_0.parquet,train
20240423_17_52_43_segment_0,Anomaly_Target_Test,magnetic,spd1400,BckgE,imp23absu_mic_20240423_17_52_43_DataLog_0.parquet,ism330dhcx_acc_20240423_17_52_43_DataLog_0.parquet,ism330dhcx_gyro_20240423_17_52_43_DataLog_0.parquet,train
20240423_12_25_59_segment_0,Normal_Target_Test,normal,spd1400,BckgB,imp23absu_mic_20240423_12_25_59_DataLog_0.parquet,ism330dhcx_acc_20240423_12_25_59_DataLog_0.parquet,ism330dhcx_gyro_20240423_12_25_59_DataLog_0.parquet,train
20240423_15_04_44_segment_0,Normal_Source_Test,normal,spd2000,BckgF,imp23absu_mic_20240423_15_04_44_DataLog_0.parquet,ism330dhcx_acc_20240423_15_04_44_DataLog_0.parquet,ism330dhcx_gyro_20240423_15_04_44_DataLog_0.parquet,train
20240423_14_48_09_segment_0,Normal_Source_Test,normal,spd1900,BckgA,imp23absu_mic_20240423_14_48_09_DataLog_0.parquet,ism330dhcx_acc_20240423_14_48_09_DataLog_0.parquet,ism330dhcx_gyro_20240423_14_48_09_DataLog_0.parquet,train
20240423_17_45_41_segment_0,Anomaly_Target_Test,magnetic,spd1200,BckgE,imp23absu_mic_20240423_17_45_41_DataLog_0.parquet,ism330dhcx_acc_20240423_17_45_41_DataLog_0.parquet,ism330dhcx_gyro_20240423_17_45_41_DataLog_0.parquet,train
20240423_17_01_31_segment_0,Anomaly_Target_Test,belt,spd1400,BckgB,imp23absu_mic_20240423_17_01_31_DataLog_0.parquet,ism330dhcx_acc_20240423_17_01_31_DataLog_0.parquet,ism330dhcx_gyro_20240423_17_01_31_DataLog_0.parquet,train
20240423_13_30_10_segment_0,Normal_Source_Test,normal,spd1600,BckgD,imp23absu_mic_20240423_13_30_10_DataLog_0.parquet,ism330dhcx_acc_20240423_13_30_10_DataLog_0.parquet,ism330dhcx_gyro_20240423_13_30_10_DataLog_0.parquet,train
20240423_17_53_32_segment_0,Anomaly_Target_Test,magnetic,spd1400,BckgB,imp23absu_mic_20240423_17_53_32_DataLog_0.parquet,ism330dhcx_acc_20240423_17_53_32_DataLog_0.parquet,ism330dhcx_gyro_20240423_17_53_32_DataLog_0.parquet,train
20240423_17_48_55_segment_0,Anomaly_Target_Test,magnetic,spd1300,BckgE,imp23absu_mic_20240423_17_48_55_DataLog_0.parquet,ism330dhcx_acc_20240423_17_48_55_DataLog_0.parquet,ism330dhcx_gyro_20240423_17_48_55_DataLog_0.parquet,train
20240423_17_13_08_segment_0,Anomaly_Source_Test,belt,spd1800,BckgD,imp23absu_mic_20240423_17_13_08_DataLog_0.parquet,ism330dhcx_acc_20240423_17_13_08_DataLog_0.parquet,ism330dhcx_gyro_20240423_17_13_08_DataLog_0.parquet,train
20240423_17_47_01_segment_0,Anomaly_Target_Test,magnetic,spd1200,BckgB,imp23absu_mic_20240423_17_47_01_DataLog_0.parquet,ism330dhcx_acc_20240423_17_47_01_DataLog_0.parquet,ism330dhcx_gyro_20240423_17_47_01_DataLog_0.parquet,train
20240423_10_50_38_segment_0,Normal_Target_Test,normal,spd1100,BckgG,imp23absu_mic_20240423_10_50_38_DataLog_0.parquet,ism330dhcx_acc_20240423_10_50_38_DataLog_0.parquet,ism330dhcx_gyro_20240423_10_50_38_DataLog_0.parquet,train
20240423_16_21_53_segment_0,Normal_Source_Test,normal,spd3000,BckgD,imp23absu_mic_20240423_16_21_53_DataLog_0.parquet,ism330dhcx_acc_20240423_16_21_53_DataLog_0.parquet,ism330dhcx_gyro_20240423_16_21_53_DataLog_0.parquet,train
20240423_16_51_03_segment_0,Anomaly_Target_Test,belt,spd1100,BckgG,imp23absu_mic_20240423_16_51_03_DataLog_0.parquet,ism330dhcx_acc_20240423_16_51_03_DataLog_0.parquet,ism330dhcx_gyro_20240423_16_51_03_DataLog_0.parquet,train
20240423_10_35_44_segment_0,Normal_Target_Test,normal,spd1000,BckgE,imp23absu_mic_20240423_10_35_44_DataLog_0.parquet,ism330dhcx_acc_20240423_10_35_44_DataLog_0.parquet,ism330dhcx_gyro_20240423_10_35_44_DataLog_0.parquet,train
20240423_15_16_51_segment_0,Normal_Source_Test,normal,spd2000,BckgF,imp23absu_mic_20240423_15_16_51_DataLog_0.parquet,ism330dhcx_acc_20240423_15_16_51_DataLog_0.parquet,ism330dhcx_gyro_20240423_15_16_51_DataLog_0.parquet,train
20240423_17_06_32_segment_0,Anomaly_Source_Test,belt,spd1600,BckgA,imp23absu_mic_20240423_17_06_32_DataLog_0.parquet,ism330dhcx_acc_20240423_17_06_32_DataLog_0.parquet,ism330dhcx_gyro_20240423_17_06_32_DataLog_0.parquet,train
20240423_10_41_29_segment_0,Normal_Target_Test,normal,spd1000,BckgG,imp23absu_mic_20240423_10_41_29_DataLog_0.parquet,ism330dhcx_acc_20240423_10_41_29_DataLog_0.parquet,ism330dhcx_gyro_20240423_10_41_29_DataLog_0.parquet,train
20240423_16_55_21_segment_0,Anomaly_Target_Test,belt,spd1200,BckgG,imp23absu_mic_20240423_16_55_21_DataLog_0.parquet,ism330dhcx_acc_20240423_16_55_21_DataLog_0.parquet,ism330dhcx_gyro_20240423_16_55_21_DataLog_0.parquet,train
20240423_12_03_14_segment_0,Normal_Target_Test,normal,spd1300,BckgE,imp23absu_mic_20240423_12_03_14_DataLog_0.parquet,ism330dhcx_acc_20240423_12_03_14_DataLog_0.parquet,ism330dhcx_gyro_20240423_12_03_14_DataLog_0.parquet,train
20240423_10_49_27_segment_0,Normal_Target_Test,normal,spd1100,BckgE,imp23absu_mic_20240423_10_49_27_DataLog_0.parquet,ism330dhcx_acc_20240423_10_49_27_DataLog_0.parquet,ism330dhcx_gyro_20240423_10_49_27_DataLog_0.parquet,train
20240423_17_38_40_segment_0,Anomaly_Target_Test,magnetic,spd1000,BckgB,imp23absu_mic_20240423_17_38_40_DataLog_0.parquet,ism330dhcx_acc_20240423_17_38_40_DataLog_0.parquet,ism330dhcx_gyro_20240423_17_38_40_DataLog_0.parquet,train
20240423_17_39_10_segment_0,Anomaly_Target_Test,magnetic,spd1000,BckgB,imp23absu_mic_20240423_17_39_10_DataLog_0.parquet,ism330dhcx_acc_20240423_17_39_10_DataLog_0.parquet,ism330dhcx_gyro_20240423_17_39_10_DataLog_0.parquet,train
20240423_14_23_48_segment_0,Normal_Source_Test,normal,spd1800,BckgD,imp23absu_mic_20240423_14_23_48_DataLog_0.parquet,ism330dhcx_acc_20240423_14_23_48_DataLog_0.parquet,ism330dhcx_gyro_20240423_14_23_48_DataLog_0.parquet,train
20240423_15_45_37_segment_0,Normal_Source_Test,normal,spd2400,BckgD,imp23absu_mic_20240423_15_45_37_DataLog_0.parquet,ism330dhcx_acc_20240423_15_45_37_DataLog_0.parquet,ism330dhcx_gyro_20240423_15_45_37_DataLog_0.parquet,train
20240423_10_29_23_segment_0,Normal_Target_Test,normal,spd1000,BckgE,imp23absu_mic_20240423_10_29_23_DataLog_0.parquet,ism330dhcx_acc_20240423_10_29_23_DataLog_0.parquet,ism330dhcx_gyro_20240423_10_29_23_DataLog_0.parquet,train
20240423_16_03_57_segment_0,Normal_Source_Test,normal,spd2800,BckgD,imp23absu_mic_20240423_16_03_57_DataLog_0.parquet,ism330dhcx_acc_20240423_16_03_57_DataLog_0.parquet,ism330dhcx_gyro_20240423_16_03_57_DataLog_0.parquet,train
20240423_17_16_25_segment_0,Anomaly_Source_Test,belt,spd1900,BckgA,imp23absu_mic_20240423_17_16_25_DataLog_0.parquet,ism330dhcx_acc_20240423_17_16_25_DataLog_0.parquet,ism330dhcx_gyro_20240423_17_16_25_DataLog_0.parquet,train
20240423_13_39_07_segment_0,Normal_Source_Test,normal,spd1700,BckgF,imp23absu_mic_20240423_13_39_07_DataLog_0.parquet,ism330dhcx_acc_20240423_13_39_07_DataLog_0.parquet,ism330dhcx_gyro_20240423_13_39_07_DataLog_0.parquet,train
20240423_16_54_03_segment_0,Anomaly_Target_Test,belt,spd1200,BckgE,imp23absu_mic_20240423_16_54_03_DataLog_0.parquet,ism330dhcx_acc_20240423_16_54_03_DataLog_0.parquet,ism330dhcx_gyro_20240423_16_54_03_DataLog_0.parquet,train
20240423_12_58_28_segment_0,Normal_Source_Test,normal,spd1500,BckgC,imp23absu_mic_20240423_12_58_28_DataLog_0.parquet,ism330dhcx_acc_20240423_12_58_28_DataLog_0.parquet,ism330dhcx_gyro_20240423_12_58_28_DataLog_0.parquet,train
20240423_12_23_34_segment_0,Normal_Target_Test,normal,spd1400,BckgE,imp23absu_mic_20240423_12_23_34_DataLog_0.parquet,ism330dhcx_acc_20240423_12_23_34_DataLog_0.parquet,ism330dhcx_gyro_20240423_12_23_34_DataLog_0.parquet,train
20240423_17_30_09_segment_0,Anomaly_Source_Test,belt,spd3000,BckgA,imp23absu_mic_20240423_17_30_09_DataLog_0.parquet,ism330dhcx_acc_20240423_17_30_09_DataLog_0.parquet,ism330dhcx_gyro_20240423_17_30_09_DataLog_0.parquet,train
20240423_17_09_13_segment_0,Anomaly_Source_Test,belt,spd1700,BckgA,imp23absu_mic_20240423_17_09_13_DataLog_0.parquet,ism330dhcx_acc_20240423_17_09_13_DataLog_0.parquet,ism330dhcx_gyro_20240423_17_09_13_DataLog_0.parquet,train
20240423_18_17_47_segment_0,Anomaly_Source_Test,magnetic,spd2800,BckgA,imp23absu_mic_20240423_18_17_47_DataLog_0.parquet,ism330dhcx_acc_20240423_18_17_47_DataLog_0.parquet,ism330dhcx_gyro_20240423_18_17_47_DataLog_0.parquet,train
20240423_16_53_00_segment_0,Anomaly_Target_Test,belt,spd1100,BckgG,imp23absu_mic_20240423_16_53_00_DataLog_0.parquet,ism330dhcx_acc_20240423_16_53_00_DataLog_0.parquet,ism330dhcx_gyro_20240423_16_53_00_DataLog_0.parquet,train
20240423_12_44_53_segment_0,Normal_Source_Test,normal,spd1500,BckgD,imp23absu_mic_20240423_12_44_53_DataLog_0.parquet,ism330dhcx_acc_20240423_12_44_53_DataLog_0.parquet,ism330dhcx_gyro_20240423_12_44_53_DataLog_0.parquet,train
20240423_11_40_46_segment_0,Normal_Target_Test,normal,spd1300,BckgG,imp23absu_mic_20240423_11_40_46_DataLog_0.parquet,ism330dhcx_acc_20240423_11_40_46_DataLog_0.parquet,ism330dhcx_gyro_20240423_11_40_46_DataLog_0.parquet,train
20240423_16_36_01_segment_0,Normal_Source_Test,normal,spd3000,BckgC,imp23absu_mic_20240423_16_36_01_DataLog_0.parquet,ism330dhcx_acc_20240423_16_36_01_DataLog_0.parquet,ism330dhcx_gyro_20240423_16_36_01_DataLog_0.parquet,train
20240423_11_28_42_segment_0,Normal_Target_Test,normal,spd1200,BckgE,imp23absu_mic_20240423_11_28_42_DataLog_0.parquet,ism330dhcx_acc_20240423_11_28_42_DataLog_0.parquet,ism330dhcx_gyro_20240423_11_28_42_DataLog_0.parquet,train
20240423_15_59_07_segment_0,Normal_Source_Test,normal,spd2800,BckgD,imp23absu_mic_20240423_15_59_07_DataLog_0.parquet,ism330dhcx_acc_20240423_15_59_07_DataLog_0.parquet,ism330dhcx_gyro_20240423_15_59_07_DataLog_0.parquet,train
20240423_11_05_16_segment_0,Normal_Target_Test,normal,spd1100,BckgB,imp23absu_mic_20240423_11_05_16_DataLog_0.parquet,ism330dhcx_acc_20240423_11_05_16_DataLog_0.parquet,ism330dhcx_gyro_20240423_11_05_16_DataLog_0.parquet,train
20240423_17_18_43_segment_0,Anomaly_Source_Test,belt,spd2000,BckgA,imp23absu_mic_20240423_17_18_43_DataLog_0.parquet,ism330dhcx_acc_20240423_17_18_43_DataLog_0.parquet,ism330dhcx_gyro_20240423_17_18_43_DataLog_0.parquet,train
20240423_17_49_55_segment_0,Anomaly_Target_Test,magnetic,spd1300,BckgE,imp23absu_mic_20240423_17_49_55_DataLog_0.parquet,ism330dhcx_acc_20240423_17_49_55_DataLog_0.parquet,ism330dhcx_gyro_20240423_17_49_55_DataLog_0.parquet,train
20240423_12_23_44_segment_0,Normal_Target_Test,normal,spd1400,BckgG,imp23absu_mic_20240423_12_23_44_DataLog_0.parquet,ism330dhcx_acc_20240423_12_23_44_DataLog_0.parquet,ism330dhcx_gyro_20240423_12_23_44_DataLog_0.parquet,train
20240423_11_27_22_segment_0,Normal_Target_Test,normal,spd1200,BckgB,imp23absu_mic_20240423_11_27_22_DataLog_0.parquet,ism330dhcx_acc_20240423_11_27_22_DataLog_0.parquet,ism330dhcx_gyro_20240423_11_27_22_DataLog_0.parquet,train
20240423_17_42_26_segment_0,Anomaly_Target_Test,magnetic,spd1100,BckgG,imp23absu_mic_20240423_17_42_26_DataLog_0.parquet,ism330dhcx_acc_20240423_17_42_26_DataLog_0.parquet,ism330dhcx_gyro_20240423_17_42_26_DataLog_0.parquet,train
20240423_14_13_22_segment_0,Normal_Source_Test,normal,spd1800,BckgA,imp23absu_mic_20240423_14_13_22_DataLog_0.parquet,ism330dhcx_acc_20240423_14_13_22_DataLog_0.parquet,ism330dhcx_gyro_20240423_14_13_22_DataLog_0.parquet,train
20240423_18_06_18_segment_0,Anomaly_Source_Test,magnetic,spd1800,BckgA,imp23absu_mic_20240423_18_06_18_DataLog_0.parquet,ism330dhcx_acc_20240423_18_06_18_DataLog_0.parquet,ism330dhcx_gyro_20240423_18_06_18_DataLog_0.parquet,train
20240423_13_45_44_segment_0,Normal_Source_Test,normal,spd1700,BckgD,imp23absu_mic_20240423_13_45_44_DataLog_0.parquet,ism330dhcx_acc_20240423_13_45_44_DataLog_0.parquet,ism330dhcx_gyro_20240423_13_45_44_DataLog_0.parquet,train
20240423_18_21_41_segment_0,Anomaly_Source_Test,magnetic,spd3000,BckgD,imp23absu_mic_20240423_18_21_41_DataLog_0.parquet,ism330dhcx_acc_20240423_18_21_41_DataLog_0.parquet,ism330dhcx_gyro_20240423_18_21_41_DataLog_0.parquet,train
20240423_18_14_52_segment_0,Anomaly_Source_Test,magnetic,spd2400,BckgD,imp23absu_mic_20240423_18_14_52_DataLog_0.parquet,ism330dhcx_acc_20240423_18_14_52_DataLog_0.parquet,ism330dhcx_gyro_20240423_18_14_52_DataLog_0.parquet,train
20240423_18_08_06_segment_0,Anomaly_Source_Test,magnetic,spd1900,BckgA,imp23absu_mic_20240423_18_08_06_DataLog_0.parquet,ism330dhcx_acc_20240423_18_08_06_DataLog_0.parquet,ism330dhcx_gyro_20240423_18_08_06_DataLog_0.parquet,train
20240423_16_57_13_segment_0,Anomaly_Target_Test,belt,spd1300,BckgG,imp23absu_mic_20240423_16_57_13_DataLog_0.parquet,ism330dhcx_acc_20240423_16_57_13_DataLog_0.parquet,ism330dhcx_gyro_20240423_16_57_13_DataLog_0.parquet,train
20240423_11_14_49_segment_0,Normal_Target_Test,normal,spd1200,BckgG,imp23absu_mic_20240423_11_14_49_DataLog_0.parquet,ism330dhcx_acc_20240423_11_14_49_DataLog_0.parquet,ism330dhcx_gyro_20240423_11_14_49_DataLog_0.parquet,train
20240423_17_01_21_segment_0,Anomaly_Target_Test,belt,spd1400,BckgB,imp23absu_mic_20240423_17_01_21_DataLog_0.parquet,ism330dhcx_acc_20240423_17_01_21_DataLog_0.parquet,ism330dhcx_gyro_20240423_17_01_21_DataLog_0.parquet,train
20240423_11_19_46_segment_0,Normal_Target_Test,normal,spd1200,BckgE,imp23absu_mic_20240423_11_19_46_DataLog_0.parquet,ism330dhcx_acc_20240423_11_19_46_DataLog_0.parquet,ism330dhcx_gyro_20240423_11_19_46_DataLog_0.parquet,train
20240423_13_14_03_segment_0,Normal_Source_Test,normal,spd1600,BckgC,imp23absu_mic_20240423_13_14_03_DataLog_0.parquet,ism330dhcx_acc_20240423_13_14_03_DataLog_0.parquet,ism330dhcx_gyro_20240423_13_14_03_DataLog_0.parquet,train
20240423_18_01_06_segment_0,Anomaly_Source_Test,magnetic,spd1600,BckgD,imp23absu_mic_20240423_18_01_06_DataLog_0.parquet,ism330dhcx_acc_20240423_18_01_06_DataLog_0.parquet,ism330dhcx_gyro_20240423_18_01_06_DataLog_0.parquet,train
20240423_11_58_56_segment_0,Normal_Target_Test,normal,spd1300,BckgG,imp23absu_mic_20240423_11_58_56_DataLog_0.parquet,ism330dhcx_acc_20240423_11_58_56_DataLog_0.parquet,ism330dhcx_gyro_20240423_11_58_56_DataLog_0.parquet,train
20240423_12_03_34_segment_0,Normal_Target_Test,normal,spd1300,BckgE,imp23absu_mic_20240423_12_03_34_DataLog_0.parquet,ism330dhcx_acc_20240423_12_03_34_DataLog_0.parquet,ism330dhcx_gyro_20240423_12_03_34_DataLog_0.parquet,train
20240423_17_41_18_segment_0,Anomaly_Target_Test,magnetic,spd1100,BckgB,imp23absu_mic_20240423_17_41_18_DataLog_0.parquet,ism330dhcx_acc_20240423_17_41_18_DataLog_0.parquet,ism330dhcx_gyro_20240423_17_41_18_DataLog_0.parquet,train
20240423_17_25_35_segment_0,Anomaly_Source_Test,belt,spd2800,BckgA,imp23absu_mic_20240423_17_25_35_DataLog_0.parquet,ism330dhcx_acc_20240423_17_25_35_DataLog_0.parquet,ism330dhcx_gyro_20240423_17_25_35_DataLog_0.parquet,train
20240423_16_48_56_segment_0,Anomaly_Target_Test,belt,spd1000,BckgB,imp23absu_mic_20240423_16_48_56_DataLog_0.parquet,ism330dhcx_acc_20240423_16_48_56_DataLog_0.parquet,ism330dhcx_gyro_20240423_16_48_56_DataLog_0.parquet,train
20240423_15_25_42_segment_0,Normal_Source_Test,normal,spd2400,BckgA,imp23absu_mic_20240423_15_25_42_DataLog_0.parquet,ism330dhcx_acc_20240423_15_25_42_DataLog_0.parquet,ism330dhcx_gyro_20240423_15_25_42_DataLog_0.parquet,train
20240423_17_22_03_segment_0,Anomaly_Source_Test,belt,spd2400,BckgF,imp23absu_mic_20240423_17_22_03_DataLog_0.parquet,ism330dhcx_acc_20240423_17_22_03_DataLog_0.parquet,ism330dhcx_gyro_20240423_17_22_03_DataLog_0.parquet,train
20240423_16_58_11_segment_0,Anomaly_Target_Test,belt,spd1300,BckgB,imp23absu_mic_20240423_16_58_11_DataLog_0.parquet,ism330dhcx_acc_20240423_16_58_11_DataLog_0.parquet,ism330dhcx_gyro_20240423_16_58_11_DataLog_0.parquet,train
20240423_17_55_40_segment_0,Anomaly_Source_Test,magnetic,spd1500,BckgD,imp23absu_mic_20240423_17_55_40_DataLog_0.parquet,ism330dhcx_acc_20240423_17_55_40_DataLog_0.parquet,ism330dhcx_gyro_20240423_17_55_40_DataLog_0.parquet,train
20240423_18_13_08_segment_0,Anomaly_Source_Test,magnetic,spd2000,BckgD,imp23absu_mic_20240423_18_13_08_DataLog_0.parquet,ism330dhcx_acc_20240423_18_13_08_DataLog_0.parquet,ism330dhcx_gyro_20240423_18_13_08_DataLog_0.parquet,train
20240423_14_44_40_segment_0,Normal_Source_Test,normal,spd1900,BckgC,imp23absu_mic_20240423_14_44_40_DataLog_0.parquet,ism330dhcx_acc_20240423_14_44_40_DataLog_0.parquet,ism330dhcx_gyro_20240423_14_44_40_DataLog_0.parquet,train
20240423_17_03_07_segment_0,Anomaly_Source_Test,belt,spd1500,BckgA,imp23absu_mic_20240423_17_03_07_DataLog_0.parquet,ism330dhcx_acc_20240423_17_03_07_DataLog_0.parquet,ism330dhcx_gyro_20240423_17_03_07_DataLog_0.parquet,train
20240423_10_48_48_segment_0,Normal_Target_Test,normal,spd1100,BckgE,imp23absu_mic_20240423_10_48_48_DataLog_0.parquet,ism330dhcx_acc_20240423_10_48_48_DataLog_0.parquet,ism330dhcx_gyro_20240423_10_48_48_DataLog_0.parquet,train
20240423_16_49_05_segment_0,Anomaly_Target_Test,belt,spd1000,BckgE,imp23absu_mic_20240423_16_49_05_DataLog_0.parquet,ism330dhcx_acc_20240423_16_49_05_DataLog_0.parquet,ism330dhcx_gyro_20240423_16_49_05_DataLog_0.parquet,train
20240423_16_49_54_segment_0,Anomaly_Target_Test,belt,spd1000,BckgG,imp23absu_mic_20240423_16_49_54_DataLog_0.parquet,ism330dhcx_acc_20240423_16_49_54_DataLog_0.parquet,ism330dhcx_gyro_20240423_16_49_54_DataLog_0.parquet,train
20240423_12_13_05_segment_0,Normal_Target_Test,normal,spd1400,BckgB,imp23absu_mic_20240423_12_13_05_DataLog_0.parquet,ism330dhcx_acc_20240423_12_13_05_DataLog_0.parquet,ism330dhcx_gyro_20240423_12_13_05_DataLog_0.parquet,train
20240423_17_14_29_segment_0,Anomaly_Source_Test,belt,spd1900,BckgA,imp23absu_mic_20240423_17_14_29_DataLog_0.parquet,ism330dhcx_acc_20240423_17_14_29_DataLog_0.parquet,ism330dhcx_gyro_20240423_17_14_29_DataLog_0.parquet,train
20240423_16_52_50_segment_0,Anomaly_Target_Test,belt,spd1100,BckgG,imp23absu_mic_20240423_16_52_50_DataLog_0.parquet,ism330dhcx_acc_20240423_16_52_50_DataLog_0.parquet,ism330dhcx_gyro_20240423_16_52_50_DataLog_0.parquet,train
20240423_16_58_31_segment_0,Anomaly_Target_Test,belt,spd1300,BckgE,imp23absu_mic_20240423_16_58_31_DataLog_0.parquet,ism330dhcx_acc_20240423_16_58_31_DataLog_0.parquet,ism330dhcx_gyro_20240423_16_58_31_DataLog_0.parquet,train
20240423_14_01_28_segment_0,Normal_Source_Test,normal,spd1800,BckgA,imp23absu_mic_20240423_14_01_28_DataLog_0.parquet,ism330dhcx_acc_20240423_14_01_28_DataLog_0.parquet,ism330dhcx_gyro_20240423_14_01_28_DataLog_0.parquet,val
20240423_11_01_59_segment_0,Normal_Target_Test,normal,spd1100,BckgE,imp23absu_mic_20240423_11_01_59_DataLog_0.parquet,ism330dhcx_acc_20240423_11_01_59_DataLog_0.parquet,ism330dhcx_gyro_20240423_11_01_59_DataLog_0.parquet,val
20240423_15_23_46_segment_0,Normal_Source_Test,normal,spd2400,BckgF,imp23absu_mic_20240423_15_23_46_DataLog_0.parquet,ism330dhcx_acc_20240423_15_23_46_DataLog_0.parquet,ism330dhcx_gyro_20240423_15_23_46_DataLog_0.parquet,val
20240423_10_50_48_segment_0,Normal_Target_Test,normal,spd1100,BckgG,imp23absu_mic_20240423_10_50_48_DataLog_0.parquet,ism330dhcx_acc_20240423_10_50_48_DataLog_0.parquet,ism330dhcx_gyro_20240423_10_50_48_DataLog_0.parquet,val
20240423_17_10_11_segment_0,Anomaly_Source_Test,belt,spd1700,BckgF,imp23absu_mic_20240423_17_10_11_DataLog_0.parquet,ism330dhcx_acc_20240423_17_10_11_DataLog_0.parquet,ism330dhcx_gyro_20240423_17_10_11_DataLog_0.parquet,val
20240423_17_32_54_segment_0,Anomaly_Source_Test,belt,spd3000,BckgF,imp23absu_mic_20240423_17_32_54_DataLog_0.parquet,ism330dhcx_acc_20240423_17_32_54_DataLog_0.parquet,ism330dhcx_gyro_20240423_17_32_54_DataLog_0.parquet,val
20240423_17_19_31_segment_0,Anomaly_Source_Test,belt,spd2000,BckgC,imp23absu_mic_20240423_17_19_31_DataLog_0.parquet,ism330dhcx_acc_20240423_17_19_31_DataLog_0.parquet,ism330dhcx_gyro_20240423_17_19_31_DataLog_0.parquet,val
20240423_17_07_30_segment_0,Anomaly_Source_Test,belt,spd1600,BckgF,imp23absu_mic_20240423_17_07_30_DataLog_0.parquet,ism330dhcx_acc_20240423_17_07_30_DataLog_0.parquet,ism330dhcx_gyro_20240423_17_07_30_DataLog_0.parquet,val
20240423_17_03_56_segment_0,Anomaly_Source_Test,belt,spd1500,BckgF,imp23absu_mic_20240423_17_03_56_DataLog_0.parquet,ism330dhcx_acc_20240423_17_03_56_DataLog_0.parquet,ism330dhcx_gyro_20240423_17_03_56_DataLog_0.parquet,val
20240423_17_53_22_segment_0,Anomaly_Target_Test,magnetic,spd1400,BckgE,imp23absu_mic_20240423_17_53_22_DataLog_0.parquet,ism330dhcx_acc_20240423_17_53_22_DataLog_0.parquet,ism330dhcx_gyro_20240423_17_53_22_DataLog_0.parquet,val
20240423_18_03_18_segment_0,Anomaly_Source_Test,magnetic,spd1700,BckgD,imp23absu_mic_20240423_18_03_18_DataLog_0.parquet,ism330dhcx_acc_20240423_18_03_18_DataLog_0.parquet,ism330dhcx_gyro_20240423_18_03_18_DataLog_0.parquet,val
20240423_16_57_32_segment_0,Anomaly_Target_Test,belt,spd1300,BckgB,imp23absu_mic_20240423_16_57_32_DataLog_0.parquet,ism330dhcx_acc_20240423_16_57_32_DataLog_0.parquet,ism330dhcx_gyro_20240423_16_57_32_DataLog_0.parquet,val
20240423_14_32_16_segment_0,Normal_Source_Test,normal,spd1900,BckgD,imp23absu_mic_20240423_14_32_16_DataLog_0.parquet,ism330dhcx_acc_20240423_14_32_16_DataLog_0.parquet,ism330dhcx_gyro_20240423_14_32_16_DataLog_0.parquet,val
20240423_10_45_38_segment_0,Normal_Target_Test,normal,spd1100,BckgG,imp23absu_mic_20240423_10_45_38_DataLog_0.parquet,ism330dhcx_acc_20240423_10_45_38_DataLog_0.parquet,ism330dhcx_gyro_20240423_10_45_38_DataLog_0.parquet,val
20240423_10_39_08_segment_0,Normal_Target_Test,normal,spd1000,BckgG,imp23absu_mic_20240423_10_39_08_DataLog_0.parquet,ism330dhcx_acc_20240423_10_39_08_DataLog_0.parquet,ism330dhcx_gyro_20240423_10_39_08_DataLog_0.parquet,val
20240423_16_54_42_segment_0,Anomaly_Target_Test,belt,spd1200,BckgB,imp23absu_mic_20240423_16_54_42_DataLog_0.parquet,ism330dhcx_acc_20240423_16_54_42_DataLog_0.parquet,ism330dhcx_gyro_20240423_16_54_42_DataLog_0.parquet,val
20240423_17_53_13_segment_0,Anomaly_Target_Test,magnetic,spd1400,BckgG,imp23absu_mic_20240423_17_53_13_DataLog_0.parquet,ism330dhcx_acc_20240423_17_53_13_DataLog_0.parquet,ism330dhcx_gyro_20240423_17_53_13_DataLog_0.parquet,val
20240423_18_07_56_segment_0,Anomaly_Source_Test,magnetic,spd1900,BckgC,imp23absu_mic_20240423_18_07_56_DataLog_0.parquet,ism330dhcx_acc_20240423_18_07_56_DataLog_0.parquet,ism330dhcx_gyro_20240423_18_07_56_DataLog_0.parquet,val
20240423_11_42_46_segment_0,Normal_Target_Test,normal,spd1300,BckgG,imp23absu_mic_20240423_11_42_46_DataLog_0.parquet,ism330dhcx_acc_20240423_11_42_46_DataLog_0.parquet,ism330dhcx_gyro_20240423_11_42_46_DataLog_0.parquet,val
20240423_17_40_59_segment_0,Anomaly_Target_Test,magnetic,spd1100,BckgB,imp23absu_mic_20240423_17_40_59_DataLog_0.parquet,ism330dhcx_acc_20240423_17_40_59_DataLog_0.parquet,ism330dhcx_gyro_20240423_17_40_59_DataLog_0.parquet,val
20240423_17_50_04_segment_0,Anomaly_Target_Test,magnetic,spd1300,BckgB,imp23absu_mic_20240423_17_50_04_DataLog_0.parquet,ism330dhcx_acc_20240423_17_50_04_DataLog_0.parquet,ism330dhcx_gyro_20240423_17_50_04_DataLog_0.parquet,val
20240423_15_41_29_segment_0,Normal_Source_Test,normal,spd2400,BckgC,imp23absu_mic_20240423_15_41_29_DataLog_0.parquet,ism330dhcx_acc_20240423_15_41_29_DataLog_0.parquet,ism330dhcx_gyro_20240423_15_41_29_DataLog_0.parquet,val
20240423_10_38_49_segment_0,Normal_Target_Test,normal,spd1000,BckgE,imp23absu_mic_20240423_10_38_49_DataLog_0.parquet,ism330dhcx_acc_20240423_10_38_49_DataLog_0.parquet,ism330dhcx_gyro_20240423_10_38_49_DataLog_0.parquet,val
20240423_18_22_40_segment_0,Anomaly_Source_Test,magnetic,spd3000,BckgA,imp23absu_mic_20240423_18_22_40_DataLog_0.parquet,ism330dhcx_acc_20240423_18_22_40_DataLog_0.parquet,ism330dhcx_gyro_20240423_18_22_40_DataLog_0.parquet,val
20240423_17_13_28_segment_0,Anomaly_Source_Test,belt,spd1800,BckgF,imp23absu_mic_20240423_17_13_28_DataLog_0.parquet,ism330dhcx_acc_20240423_17_13_28_DataLog_0.parquet,ism330dhcx_gyro_20240423_17_13_28_DataLog_0.parquet,val
20240423_18_06_37_segment_0,Anomaly_Source_Test,magnetic,spd1800,BckgD,imp23absu_mic_20240423_18_06_37_DataLog_0.parquet,ism330dhcx_acc_20240423_18_06_37_DataLog_0.parquet,ism330dhcx_gyro_20240423_18_06_37_DataLog_0.parquet,val
20240423_17_40_08_segment_0,Anomaly_Target_Test,magnetic,spd1000,BckgG,imp23absu_mic_20240423_17_40_08_DataLog_0.parquet,ism330dhcx_acc_20240423_17_40_08_DataLog_0.parquet,ism330dhcx_gyro_20240423_17_40_08_DataLog_0.parquet,val
20240423_18_16_50_segment_0,Anomaly_Source_Test,magnetic,spd2400,BckgC,imp23absu_mic_20240423_18_16_50_DataLog_0.parquet,ism330dhcx_acc_20240423_18_16_50_DataLog_0.parquet,ism330dhcx_gyro_20240423_18_16_50_DataLog_0.parquet,val
20240423_10_40_39_segment_0,Normal_Target_Test,normal,spd1000,BckgG,imp23absu_mic_20240423_10_40_39_DataLog_0.parquet,ism330dhcx_acc_20240423_10_40_39_DataLog_0.parquet,ism330dhcx_gyro_20240423_10_40_39_DataLog_0.parquet,val
20240423_17_25_15_segment_0,Anomaly_Source_Test,belt,spd2800,BckgF,imp23absu_mic_20240423_17_25_15_DataLog_0.parquet,ism330dhcx_acc_20240423_17_25_15_DataLog_0.parquet,ism330dhcx_gyro_20240423_17_25_15_DataLog_0.parquet,val
20240423_14_24_58_segment_0,Normal_Source_Test,normal,spd1800,BckgA,imp23absu_mic_20240423_14_24_58_DataLog_0.parquet,ism330dhcx_acc_20240423_14_24_58_DataLog_0.parquet,ism330dhcx_gyro_20240423_14_24_58_DataLog_0.parquet,val
20240423_12_36_18_segment_0,Normal_Target_Test,normal,spd1400,BckgB,imp23absu_mic_20240423_12_36_18_DataLog_0.parquet,ism330dhcx_acc_20240423_12_36_18_DataLog_0.parquet,ism330dhcx_gyro_20240423_12_36_18_DataLog_0.parquet,val
20240423_17_01_11_segment_0,Anomaly_Target_Test,belt,spd1400,BckgE,imp23absu_mic_20240423_17_01_11_DataLog_0.parquet,ism330dhcx_acc_20240423_17_01_11_DataLog_0.parquet,ism330dhcx_gyro_20240423_17_01_11_DataLog_0.parquet,val
20240423_16_53_09_segment_0,Anomaly_Target_Test,belt,spd1100,BckgB,imp23absu_mic_20240423_16_53_09_DataLog_0.parquet,ism330dhcx_acc_20240423_16_53_09_DataLog_0.parquet,ism330dhcx_gyro_20240423_16_53_09_DataLog_0.parquet,val
20240423_13_04_26_segment_0,Normal_Source_Test,normal,spd1500,BckgA,imp23absu_mic_20240423_13_04_26_DataLog_0.parquet,ism330dhcx_acc_20240423_13_04_26_DataLog_0.parquet,ism330dhcx_gyro_20240423_13_04_26_DataLog_0.parquet,val
20240423_16_53_53_segment_0,Anomaly_Target_Test,belt,spd1200,BckgG,imp23absu_mic_20240423_16_53_53_DataLog_0.parquet,ism330dhcx_acc_20240423_16_53_53_DataLog_0.parquet,ism330dhcx_gyro_20240423_16_53_53_DataLog_0.parquet,val
20240423_10_56_33_segment_0,Normal_Target_Test,normal,spd1100,BckgB,imp23absu_mic_20240423_10_56_33_DataLog_0.parquet,ism330dhcx_acc_20240423_10_56_33_DataLog_0.parquet,ism330dhcx_gyro_20240423_10_56_33_DataLog_0.parquet,val
20240423_17_45_12_segment_0,Anomaly_Target_Test,magnetic,spd1200,BckgE,imp23absu_mic_20240423_17_45_12_DataLog_0.parquet,ism330dhcx_acc_20240423_17_45_12_DataLog_0.parquet,ism330dhcx_gyro_20240423_17_45_12_DataLog_0.parquet,val
20240423_16_06_03_segment_0,Normal_Source_Test,normal,spd2800,BckgC,imp23absu_mic_20240423_16_06_03_DataLog_0.parquet,ism330dhcx_acc_20240423_16_06_03_DataLog_0.parquet,ism330dhcx_gyro_20240423_16_06_03_DataLog_0.parquet,val
20240423_17_21_44_segment_0,Anomaly_Source_Test,belt,spd2400,BckgA,imp23absu_mic_20240423_17_21_44_DataLog_0.parquet,ism330dhcx_acc_20240423_17_21_44_DataLog_0.parquet,ism330dhcx_gyro_20240423_17_21_44_DataLog_0.parquet,val
20240423_16_49_44_segment_0,Anomaly_Target_Test,belt,spd1000,BckgB,imp23absu_mic_20240423_16_49_44_DataLog_0.parquet,ism330dhcx_acc_20240423_16_49_44_DataLog_0.parquet,ism330dhcx_gyro_20240423_16_49_44_DataLog_0.parquet,val
20240423_17_59_46_segment_0,Anomaly_Source_Test,magnetic,spd1600,BckgA,imp23absu_mic_20240423_17_59_46_DataLog_0.parquet,ism330dhcx_acc_20240423_17_59_46_DataLog_0.parquet,ism330dhcx_gyro_20240423_17_59_46_DataLog_0.parquet,val
20240423_13_49_13_segment_0,Normal_Source_Test,normal,spd1700,BckgA,imp23absu_mic_20240423_13_49_13_DataLog_0.parquet,ism330dhcx_acc_20240423_13_49_13_DataLog_0.parquet,ism330dhcx_gyro_20240423_13_49_13_DataLog_0.parquet,val
20240423_11_59_06_segment_0,Normal_Target_Test,normal,spd1300,BckgB,imp23absu_mic_20240423_11_59_06_DataLog_0.parquet,ism330dhcx_acc_20240423_11_59_06_DataLog_0.parquet,ism330dhcx_gyro_20240423_11_59_06_DataLog_0.parquet,val
20240423_17_38_31_segment_0,Anomaly_Target_Test,magnetic,spd1000,BckgB,imp23absu_mic_20240423_17_38_31_DataLog_0.parquet,ism330dhcx_acc_20240423_17_38_31_DataLog_0.parquet,ism330dhcx_gyro_20240423_17_38_31_DataLog_0.parquet,val
20240423_17_49_44_segment_0,Anomaly_Target_Test,magnetic,spd1300,BckgG,imp23absu_mic_20240423_17_49_44_DataLog_0.parquet,ism330dhcx_acc_20240423_17_49_44_DataLog_0.parquet,ism330dhcx_gyro_20240423_17_49_44_DataLog_0.parquet,val
20240423_11_36_08_segment_0,Normal_Target_Test,normal,spd1200,BckgB,imp23absu_mic_20240423_11_36_08_DataLog_0.parquet,ism330dhcx_acc_20240423_11_36_08_DataLog_0.parquet,ism330dhcx_gyro_20240423_11_36_08_DataLog_0.parquet,val
20240423_12_35_30_segment_0,Normal_Target_Test,normal,spd1400,BckgB,imp23absu_mic_20240423_12_35_30_DataLog_0.parquet,ism330dhcx_acc_20240423_12_35_30_DataLog_0.parquet,ism330dhcx_gyro_20240423_12_35_30_DataLog_0.parquet,val
20240423_11_58_16_segment_0,Normal_Target_Test,normal,spd1300,BckgG,imp23absu_mic_20240423_11_58_16_DataLog_0.parquet,ism330dhcx_acc_20240423_11_58_16_DataLog_0.parquet,ism330dhcx_gyro_20240423_11_58_16_DataLog_0.parquet,val
20240423_17_14_39_segment_0,Anomaly_Source_Test,belt,spd1900,BckgC,imp23absu_mic_20240423_17_14_39_DataLog_0.parquet,ism330dhcx_acc_20240423_17_14_39_DataLog_0.parquet,ism330dhcx_gyro_20240423_17_14_39_DataLog_0.parquet,val
20240423_11_52_00_segment_0,Normal_Target_Test,normal,spd1300,BckgE,imp23absu_mic_20240423_11_52_00_DataLog_0.parquet,ism330dhcx_acc_20240423_11_52_00_DataLog_0.parquet,ism330dhcx_gyro_20240423_11_52_00_DataLog_0.parquet,val
20240423_15_03_36_segment_0,Normal_Source_Test,normal,spd2000,BckgD,imp23absu_mic_20240423_15_03_36_DataLog_0.parquet,ism330dhcx_acc_20240423_15_03_36_DataLog_0.parquet,ism330dhcx_gyro_20240423_15_03_36_DataLog_0.parquet,val
20240423_13_17_20_segment_0,Normal_Source_Test,normal,spd1600,BckgA,imp23absu_mic_20240423_13_17_20_DataLog_0.parquet,ism330dhcx_acc_20240423_13_17_20_DataLog_0.parquet,ism330dhcx_gyro_20240423_13_17_20_DataLog_0.parquet,val
20240423_16_23_12_segment_0,Normal_Source_Test,normal,spd3000,BckgA,imp23absu_mic_20240423_16_23_12_DataLog_0.parquet,ism330dhcx_acc_20240423_16_23_12_DataLog_0.parquet,ism330dhcx_gyro_20240423_16_23_12_DataLog_0.parquet,val
20240423_16_49_25_segment_0,Anomaly_Target_Test,belt,spd1000,BckgB,imp23absu_mic_20240423_16_49_25_DataLog_0.parquet,ism330dhcx_acc_20240423_16_49_25_DataLog_0.parquet,ism330dhcx_gyro_20240423_16_49_25_DataLog_0.parquet,val
20240423_18_18_07_segment_0,Anomaly_Source_Test,magnetic,spd2800,BckgD,imp23absu_mic_20240423_18_18_07_DataLog_0.parquet,ism330dhcx_acc_20240423_18_18_07_DataLog_0.parquet,ism330dhcx_gyro_20240423_18_18_07_DataLog_0.parquet,val
20240423_17_02_00_segment_0,Anomaly_Target_Test,belt,spd1400,BckgG,imp23absu_mic_20240423_17_02_00_DataLog_0.parquet,ism330dhcx_acc_20240423_17_02_00_DataLog_0.parquet,ism330dhcx_gyro_20240423_17_02_00_DataLog_0.parquet,val
20240423_13_45_54_segment_0,Normal_Source_Test,normal,spd1700,BckgF,imp23absu_mic_20240423_13_45_54_DataLog_0.parquet,ism330dhcx_acc_20240423_13_45_54_DataLog_0.parquet,ism330dhcx_gyro_20240423_13_45_54_DataLog_0.parquet,val
20240423_12_14_13_segment_0,Normal_Target_Test,normal,spd1400,BckgG,imp23absu_mic_20240423_12_14_13_DataLog_0.parquet,ism330dhcx_acc_20240423_12_14_13_DataLog_0.parquet,ism330dhcx_gyro_20240423_12_14_13_DataLog_0.parquet,val
20240423_13_29_30_segment_0,Normal_Source_Test,normal,spd1600,BckgF,imp23absu_mic_20240423_13_29_30_DataLog_0.parquet,ism330dhcx_acc_20240423_13_29_30_DataLog_0.parquet,ism330dhcx_gyro_20240423_13_29_30_DataLog_0.parquet,val
20240423_15_50_40_segment_0,Normal_Source_Test,normal,spd2800,BckgF,imp23absu_mic_20240423_15_50_40_DataLog_0.parquet,ism330dhcx_acc_20240423_15_50_40_DataLog_0.parquet,ism330dhcx_gyro_20240423_15_50_40_DataLog_0.parquet,val
20240423_11_26_33_segment_0,Normal_Target_Test,normal,spd1200,BckgB,imp23absu_mic_20240423_11_26_33_DataLog_0.parquet,ism330dhcx_acc_20240423_11_26_33_DataLog_0.parquet,ism330dhcx_gyro_20240423_11_26_33_DataLog_0.parquet,val
20240423_11_27_12_segment_0,Normal_Target_Test,normal,spd1200,BckgE,imp23absu_mic_20240423_11_27_12_DataLog_0.parquet,ism330dhcx_acc_20240423_11_27_12_DataLog_0.parquet,ism330dhcx_gyro_20240423_11_27_12_DataLog_0.parquet,val
20240423_17_57_20_segment_0,Anomaly_Source_Test,magnetic,spd1500,BckgA,imp23absu_mic_20240423_17_57_20_DataLog_0.parquet,ism330dhcx_acc_20240423_17_57_20_DataLog_0.parquet,ism330dhcx_gyro_20240423_17_57_20_DataLog_0.parquet,val
20240423_12_23_05_segment_0,Normal_Target_Test,normal,spd1400,BckgE,imp23absu_mic_20240423_12_23_05_DataLog_0.parquet,ism330dhcx_acc_20240423_12_23_05_DataLog_0.parquet,ism330dhcx_gyro_20240423_12_23_05_DataLog_0.parquet,val
20240423_17_43_17_segment_0,Anomaly_Target_Test,magnetic,spd1100,BckgG,imp23absu_mic_20240423_17_43_17_DataLog_0.parquet,ism330dhcx_acc_20240423_17_43_17_DataLog_0.parquet,ism330dhcx_gyro_20240423_17_43_17_DataLog_0.parquet,val
20240423_10_36_03_segment_0,Normal_Target_Test,normal,spd1000,BckgE,imp23absu_mic_20240423_10_36_03_DataLog_0.parquet,ism330dhcx_acc_20240423_10_36_03_DataLog_0.parquet,ism330dhcx_gyro_20240423_10_36_03_DataLog_0.parquet,val
20240423_11_22_05_segment_0,Normal_Target_Test,normal,spd1200,BckgG,imp23absu_mic_20240423_11_22_05_DataLog_0.parquet,ism330dhcx_acc_20240423_11_22_05_DataLog_0.parquet,ism330dhcx_gyro_20240423_11_22_05_DataLog_0.parquet,val
20240423_18_12_28_segment_0,Anomaly_Source_Test,magnetic,spd2000,BckgF,imp23absu_mic_20240423_18_12_28_DataLog_0.parquet,ism330dhcx_acc_20240423_18_12_28_DataLog_0.parquet,ism330dhcx_gyro_20240423_18_12_28_DataLog_0.parquet,val
20240423_12_45_23_segment_0,Normal_Source_Test,normal,spd1500,BckgD,imp23absu_mic_20240423_12_45_23_DataLog_0.parquet,ism330dhcx_acc_20240423_12_45_23_DataLog_0.parquet,ism330dhcx_gyro_20240423_12_45_23_DataLog_0.parquet,val
20240423_16_57_52_segment_0,Anomaly_Target_Test,belt,spd1300,BckgE,imp23absu_mic_20240423_16_57_52_DataLog_0.parquet,ism330dhcx_acc_20240423_16_57_52_DataLog_0.parquet,ism330dhcx_gyro_20240423_16_57_52_DataLog_0.parquet,val
20240423_17_44_42_segment_0,Anomaly_Target_Test,magnetic,spd1200,BckgB,imp23absu_mic_20240423_17_44_42_DataLog_0.parquet,ism330dhcx_acc_20240423_17_44_42_DataLog_0.parquet,ism330dhcx_gyro_20240423_17_44_42_DataLog_0.parquet,val
20240423_15_09_05_segment_0,Normal_Source_Test,normal,spd2000,BckgA,imp23absu_mic_20240423_15_09_05_DataLog_0.parquet,ism330dhcx_acc_20240423_15_09_05_DataLog_0.parquet,ism330dhcx_gyro_20240423_15_09_05_DataLog_0.parquet,val
20240423_14_30_37_segment_0,Normal_Source_Test,normal,spd1900,BckgF,imp23absu_mic_20240423_14_30_37_DataLog_0.parquet,ism330dhcx_acc_20240423_14_30_37_DataLog_0.parquet,ism330dhcx_gyro_20240423_14_30_37_DataLog_0.parquet,val
20240423_16_52_01_segment_0,Anomaly_Target_Test,belt,spd1100,BckgE,imp23absu_mic_20240423_16_52_01_DataLog_0.parquet,ism330dhcx_acc_20240423_16_52_01_DataLog_0.parquet,ism330dhcx_gyro_20240423_16_52_01_DataLog_0.parquet,val
20240423_16_25_10_segment_0,Normal_Source_Test,normal,spd3000,BckgC,imp23absu_mic_20240423_16_25_10_DataLog_0.parquet,ism330dhcx_acc_20240423_16_25_10_DataLog_0.parquet,ism330dhcx_gyro_20240423_16_25_10_DataLog_0.parquet,val
20240423_16_48_07_segment_0,Anomaly_Target_Test,belt,spd1000,BckgE,imp23absu_mic_20240423_16_48_07_DataLog_0.parquet,ism330dhcx_acc_20240423_16_48_07_DataLog_0.parquet,ism330dhcx_gyro_20240423_16_48_07_DataLog_0.parquet,test
20240423_15_06_01_segment_0,Normal_Source_Test,normal,spd2000,BckgC,imp23absu_mic_20240423_15_06_01_DataLog_0.parquet,ism330dhcx_acc_20240423_15_06_01_DataLog_0.parquet,ism330dhcx_gyro_20240423_15_06_01_DataLog_0.parquet,test
20240423_13_53_40_segment_0,Normal_Source_Test,normal,spd1700,BckgA,imp23absu_mic_20240423_13_53_40_DataLog_0.parquet,ism330dhcx_acc_20240423_13_53_40_DataLog_0.parquet,ism330dhcx_gyro_20240423_13_53_40_DataLog_0.parquet,test
20240423_11_26_43_segment_0,Normal_Target_Test,normal,spd1200,BckgG,imp23absu_mic_20240423_11_26_43_DataLog_0.parquet,ism330dhcx_acc_20240423_11_26_43_DataLog_0.parquet,ism330dhcx_gyro_20240423_11_26_43_DataLog_0.parquet,test
20240423_18_19_26_segment_0,Anomaly_Source_Test,magnetic,spd2800,BckgA,imp23absu_mic_20240423_18_19_26_DataLog_0.parquet,ism330dhcx_acc_20240423_18_19_26_DataLog_0.parquet,ism330dhcx_gyro_20240423_18_19_26_DataLog_0.parquet,test
20240423_17_20_26_segment_0,Anomaly_Source_Test,belt,spd2400,BckgC,imp23absu_mic_20240423_17_20_26_DataLog_0.parquet,ism330dhcx_acc_20240423_17_20_26_DataLog_0.parquet,ism330dhcx_gyro_20240423_17_20_26_DataLog_0.parquet,test
20240423_10_48_27_segment_0,Normal_Target_Test,normal,spd1100,BckgB,imp23absu_mic_20240423_10_48_27_DataLog_0.parquet,ism330dhcx_acc_20240423_10_48_27_DataLog_0.parquet,ism330dhcx_gyro_20240423_10_48_27_DataLog_0.parquet,test
20240423_16_24_21_segment_0,Normal_Source_Test,normal,spd3000,BckgA,imp23absu_mic_20240423_16_24_21_DataLog_0.parquet,ism330dhcx_acc_20240423_16_24_21_DataLog_0.parquet,ism330dhcx_gyro_20240423_16_24_21_DataLog_0.parquet,test
20240423_17_42_07_segment_0,Anomaly_Target_Test,magnetic,spd1100,BckgE,imp23absu_mic_20240423_17_42_07_DataLog_0.parquet,ism330dhcx_acc_20240423_17_42_07_DataLog_0.parquet,ism330dhcx_gyro_20240423_17_42_07_DataLog_0.parquet,test
20240423_17_52_13_segment_0,Anomaly_Target_Test,magnetic,spd1400,BckgB,imp23absu_mic_20240423_17_52_13_DataLog_0.parquet,ism330dhcx_acc_20240423_17_52_13_DataLog_0.parquet,ism330dhcx_gyro_20240423_17_52_13_DataLog_0.parquet,test
20240423_14_35_35_segment_0,Normal_Source_Test,normal,spd1900,BckgF,imp23absu_mic_20240423_14_35_35_DataLog_0.parquet,ism330dhcx_acc_20240423_14_35_35_DataLog_0.parquet,ism330dhcx_gyro_20240423_14_35_35_DataLog_0.parquet,test
20240423_12_04_04_segment_0,Normal_Target_Test,normal,spd1300,BckgB,imp23absu_mic_20240423_12_04_04_DataLog_0.parquet,ism330dhcx_acc_20240423_12_04_04_DataLog_0.parquet,ism330dhcx_gyro_20240423_12_04_04_DataLog_0.parquet,test
20240423_16_51_42_segment_0,Anomaly_Target_Test,belt,spd1100,BckgE,imp23absu_mic_20240423_16_51_42_DataLog_0.parquet,ism330dhcx_acc_20240423_16_51_42_DataLog_0.parquet,ism330dhcx_gyro_20240423_16_51_42_DataLog_0.parquet,test
20240423_18_06_57_segment_0,Anomaly_Source_Test,magnetic,spd1800,BckgF,imp23absu_mic_20240423_18_06_57_DataLog_0.parquet,ism330dhcx_acc_20240423_18_06_57_DataLog_0.parquet,ism330dhcx_gyro_20240423_18_06_57_DataLog_0.parquet,test
20240423_16_55_30_segment_0,Anomaly_Target_Test,belt,spd1200,BckgE,imp23absu_mic_20240423_16_55_30_DataLog_0.parquet,ism330dhcx_acc_20240423_16_55_30_DataLog_0.parquet,ism330dhcx_gyro_20240423_16_55_30_DataLog_0.parquet,test
20240423_11_00_50_segment_0,Normal_Target_Test,normal,spd1100,BckgB,imp23absu_mic_20240423_11_00_50_DataLog_0.parquet,ism330dhcx_acc_20240423_11_00_50_DataLog_0.parquet,ism330dhcx_gyro_20240423_11_00_50_DataLog_0.parquet,test
20240423_18_08_55_segment_0,Anomaly_Source_Test,magnetic,spd1900,BckgD,imp23absu_mic_20240423_18_08_55_DataLog_0.parquet,ism330dhcx_acc_20240423_18_08_55_DataLog_0.parquet,ism330dhcx_gyro_20240423_18_08_55_DataLog_0.parquet,test
20240423_10_21_58_segment_0,Normal_Target_Test,normal,spd1000,BckgB,imp23absu_mic_20240423_10_21_58_DataLog_0.parquet,ism330dhcx_acc_20240423_10_21_58_DataLog_0.parquet,ism330dhcx_gyro_20240423_10_21_58_DataLog_0.parquet,test
20240423_16_55_01_segment_0,Anomaly_Target_Test,belt,spd1200,BckgB,imp23absu_mic_20240423_16_55_01_DataLog_0.parquet,ism330dhcx_acc_20240423_16_55_01_DataLog_0.parquet,ism330dhcx_gyro_20240423_16_55_01_DataLog_0.parquet,test
20240423_10_26_46_segment_0,Normal_Target_Test,normal,spd1000,BckgE,imp23absu_mic_20240423_10_26_46_DataLog_0.parquet,ism330dhcx_acc_20240423_10_26_46_DataLog_0.parquet,ism330dhcx_gyro_20240423_10_26_46_DataLog_0.parquet,test
20240423_14_43_50_segment_0,Normal_Source_Test,normal,spd1900,BckgD,imp23absu_mic_20240423_14_43_50_DataLog_0.parquet,ism330dhcx_acc_20240423_14_43_50_DataLog_0.parquet,ism330dhcx_gyro_20240423_14_43_50_DataLog_0.parquet,test
20240423_13_26_52_segment_0,Normal_Source_Test,normal,spd1600,BckgD,imp23absu_mic_20240423_13_26_52_DataLog_0.parquet,ism330dhcx_acc_20240423_13_26_52_DataLog_0.parquet,ism330dhcx_gyro_20240423_13_26_52_DataLog_0.parquet,test
20240423_17_16_06_segment_0,Anomaly_Source_Test,belt,spd1900,BckgF,imp23absu_mic_20240423_17_16_06_DataLog_0.parquet,ism330dhcx_acc_20240423_17_16_06_DataLog_0.parquet,ism330dhcx_gyro_20240423_17_16_06_DataLog_0.parquet,test
20240423_18_19_56_segment_0,Anomaly_Source_Test,magnetic,spd2800,BckgC,imp23absu_mic_20240423_18_19_56_DataLog_0.parquet,ism330dhcx_acc_20240423_18_19_56_DataLog_0.parquet,ism330dhcx_gyro_20240423_18_19_56_DataLog_0.parquet,test
20240423_10_38_10_segment_0,Normal_Target_Test,normal,spd1000,BckgG,imp23absu_mic_20240423_10_38_10_DataLog_0.parquet,ism330dhcx_acc_20240423_10_38_10_DataLog_0.parquet,ism330dhcx_gyro_20240423_10_38_10_DataLog_0.parquet,test
20240423_17_55_10_segment_0,Anomaly_Source_Test,magnetic,spd1500,BckgF,imp23absu_mic_20240423_17_55_10_DataLog_0.parquet,ism330dhcx_acc_20240423_17_55_10_DataLog_0.parquet,ism330dhcx_gyro_20240423_17_55_10_DataLog_0.parquet,test
20240423_17_52_23_segment_0,Anomaly_Target_Test,magnetic,spd1400,BckgB,imp23absu_mic_20240423_17_52_23_DataLog_0.parquet,ism330dhcx_acc_20240423_17_52_23_DataLog_0.parquet,ism330dhcx_gyro_20240423_17_52_23_DataLog_0.parquet,test
20240423_14_03_36_segment_0,Normal_Source_Test,normal,spd1800,BckgC,imp23absu_mic_20240423_14_03_36_DataLog_0.parquet,ism330dhcx_acc_20240423_14_03_36_DataLog_0.parquet,ism330dhcx_gyro_20240423_14_03_36_DataLog_0.parquet,test
20240423_16_58_21_segment_0,Anomaly_Target_Test,belt,spd1300,BckgB,imp23absu_mic_20240423_16_58_21_DataLog_0.parquet,ism330dhcx_acc_20240423_16_58_21_DataLog_0.parquet,ism330dhcx_gyro_20240423_16_58_21_DataLog_0.parquet,test
20240423_11_44_25_segment_0,Normal_Target_Test,normal,spd1300,BckgB,imp23absu_mic_20240423_11_44_25_DataLog_0.parquet,ism330dhcx_acc_20240423_11_44_25_DataLog_0.parquet,ism330dhcx_gyro_20240423_11_44_25_DataLog_0.parquet,test
20240423_11_07_54_segment_0,Normal_Target_Test,normal,spd1100,BckgB,imp23absu_mic_20240423_11_07_54_DataLog_0.parquet,ism330dhcx_acc_20240423_11_07_54_DataLog_0.parquet,ism330dhcx_gyro_20240423_11_07_54_DataLog_0.parquet,test
20240423_16_55_11_segment_0,Anomaly_Target_Test,belt,spd1200,BckgG,imp23absu_mic_20240423_16_55_11_DataLog_0.parquet,ism330dhcx_acc_20240423_16_55_11_DataLog_0.parquet,ism330dhcx_gyro_20240423_16_55_11_DataLog_0.parquet,test
20240423_15_12_09_segment_0,Normal_Source_Test,normal,spd2000,BckgA,imp23absu_mic_20240423_15_12_09_DataLog_0.parquet,ism330dhcx_acc_20240423_15_12_09_DataLog_0.parquet,ism330dhcx_gyro_20240423_15_12_09_DataLog_0.parquet,test
20240423_16_57_42_segment_0,Anomaly_Target_Test,belt,spd1300,BckgG,imp23absu_mic_20240423_16_57_42_DataLog_0.parquet,ism330dhcx_acc_20240423_16_57_42_DataLog_0.parquet,ism330dhcx_gyro_20240423_16_57_42_DataLog_0.parquet,test
20240423_11_20_35_segment_0,Normal_Target_Test,normal,spd1200,BckgG,imp23absu_mic_20240423_11_20_35_DataLog_0.parquet,ism330dhcx_acc_20240423_11_20_35_DataLog_0.parquet,ism330dhcx_gyro_20240423_11_20_35_DataLog_0.parquet,test
20240423_16_49_15_segment_0,Anomaly_Target_Test,belt,spd1000,BckgE,imp23absu_mic_20240423_16_49_15_DataLog_0.parquet,ism330dhcx_acc_20240423_16_49_15_DataLog_0.parquet,ism330dhcx_gyro_20240423_16_49_15_DataLog_0.parquet,test
20240423_14_37_33_segment_0,Normal_Source_Test,normal,spd1900,BckgA,imp23absu_mic_20240423_14_37_33_DataLog_0.parquet,ism330dhcx_acc_20240423_14_37_33_DataLog_0.parquet,ism330dhcx_gyro_20240423_14_37_33_DataLog_0.parquet,test
20240423_17_24_36_segment_0,Anomaly_Source_Test,belt,spd2800,BckgD,imp23absu_mic_20240423_17_24_36_DataLog_0.parquet,ism330dhcx_acc_20240423_17_24_36_DataLog_0.parquet,ism330dhcx_gyro_20240423_17_24_36_DataLog_0.parquet,test
20240423_12_26_48_segment_0,Normal_Target_Test,normal,spd1400,BckgG,imp23absu_mic_20240423_12_26_48_DataLog_0.parquet,ism330dhcx_acc_20240423_12_26_48_DataLog_0.parquet,ism330dhcx_gyro_20240423_12_26_48_DataLog_0.parquet,test
20240423_16_56_43_segment_0,Anomaly_Target_Test,belt,spd1300,BckgG,imp23absu_mic_20240423_16_56_43_DataLog_0.parquet,ism330dhcx_acc_20240423_16_56_43_DataLog_0.parquet,ism330dhcx_gyro_20240423_16_56_43_DataLog_0.parquet,test
20240423_11_01_39_segment_0,Normal_Target_Test,normal,spd1100,BckgE,imp23absu_mic_20240423_11_01_39_DataLog_0.parquet,ism330dhcx_acc_20240423_11_01_39_DataLog_0.parquet,ism330dhcx_gyro_20240423_11_01_39_DataLog_0.parquet,test
20240423_12_57_49_segment_0,Normal_Source_Test,normal,spd1500,BckgF,imp23absu_mic_20240423_12_57_49_DataLog_0.parquet,ism330dhcx_acc_20240423_12_57_49_DataLog_0.parquet,ism330dhcx_gyro_20240423_12_57_49_DataLog_0.parquet,test
20240423_14_47_18_segment_0,Normal_Source_Test,normal,spd1900,BckgC,imp23absu_mic_20240423_14_47_18_DataLog_0.parquet,ism330dhcx_acc_20240423_14_47_18_DataLog_0.parquet,ism330dhcx_gyro_20240423_14_47_18_DataLog_0.parquet,test
20240423_18_16_31_segment_0,Anomaly_Source_Test,magnetic,spd2400,BckgA,imp23absu_mic_20240423_18_16_31_DataLog_0.parquet,ism330dhcx_acc_20240423_18_16_31_DataLog_0.parquet,ism330dhcx_gyro_20240423_18_16_31_DataLog_0.parquet,test
20240423_17_55_30_segment_0,Anomaly_Source_Test,magnetic,spd1500,BckgC,imp23absu_mic_20240423_17_55_30_DataLog_0.parquet,ism330dhcx_acc_20240423_17_55_30_DataLog_0.parquet,ism330dhcx_gyro_20240423_17_55_30_DataLog_0.parquet,test
20240423_17_11_51_segment_0,Anomaly_Source_Test,belt,spd1800,BckgC,imp23absu_mic_20240423_17_11_51_DataLog_0.parquet,ism330dhcx_acc_20240423_17_11_51_DataLog_0.parquet,ism330dhcx_gyro_20240423_17_11_51_DataLog_0.parquet,test
20240423_17_33_42_segment_0,Anomaly_Source_Test,belt,spd3000,BckgC,imp23absu_mic_20240423_17_33_42_DataLog_0.parquet,ism330dhcx_acc_20240423_17_33_42_DataLog_0.parquet,ism330dhcx_gyro_20240423_17_33_42_DataLog_0.parquet,test
20240423_11_06_25_segment_0,Normal_Target_Test,normal,spd1100,BckgG,imp23absu_mic_20240423_11_06_25_DataLog_0.parquet,ism330dhcx_acc_20240423_11_06_25_DataLog_0.parquet,ism330dhcx_gyro_20240423_11_06_25_DataLog_0.parquet,test
20240423_17_42_36_segment_0,Anomaly_Target_Test,magnetic,spd1100,BckgG,imp23absu_mic_20240423_17_42_36_DataLog_0.parquet,ism330dhcx_acc_20240423_17_42_36_DataLog_0.parquet,ism330dhcx_gyro_20240423_17_42_36_DataLog_0.parquet,test
20240423_15_29_36_segment_0,Normal_Source_Test,normal,spd2400,BckgA,imp23absu_mic_20240423_15_29_36_DataLog_0.parquet,ism330dhcx_acc_20240423_15_29_36_DataLog_0.parquet,ism330dhcx_gyro_20240423_15_29_36_DataLog_0.parquet,test
20240423_18_16_01_segment_0,Anomaly_Source_Test,magnetic,spd2400,BckgA,imp23absu_mic_20240423_18_16_01_DataLog_0.parquet,ism330dhcx_acc_20240423_18_16_01_DataLog_0.parquet,ism330dhcx_gyro_20240423_18_16_01_DataLog_0.parquet,test
20240423_17_38_11_segment_0,Anomaly_Target_Test,magnetic,spd1000,BckgE,imp23absu_mic_20240423_17_38_11_DataLog_0.parquet,ism330dhcx_acc_20240423_17_38_11_DataLog_0.parquet,ism330dhcx_gyro_20240423_17_38_11_DataLog_0.parquet,test
20240423_10_24_37_segment_0,Normal_Target_Test,normal,spd1000,BckgE,imp23absu_mic_20240423_10_24_37_DataLog_0.parquet,ism330dhcx_acc_20240423_10_24_37_DataLog_0.parquet,ism330dhcx_gyro_20240423_10_24_37_DataLog_0.parquet,test
20240423_17_08_34_segment_0,Anomaly_Source_Test,belt,spd1700,BckgD,imp23absu_mic_20240423_17_08_34_DataLog_0.parquet,ism330dhcx_acc_20240423_17_08_34_DataLog_0.parquet,ism330dhcx_gyro_20240423_17_08_34_DataLog_0.parquet,test
20240423_13_46_14_segment_0,Normal_Source_Test,normal,spd1700,BckgA,imp23absu_mic_20240423_13_46_14_DataLog_0.parquet,ism330dhcx_acc_20240423_13_46_14_DataLog_0.parquet,ism330dhcx_gyro_20240423_13_46_14_DataLog_0.parquet,test
20240423_16_26_19_segment_0,Normal_Source_Test,normal,spd3000,BckgF,imp23absu_mic_20240423_16_26_19_DataLog_0.parquet,ism330dhcx_acc_20240423_16_26_19_DataLog_0.parquet,ism330dhcx_gyro_20240423_16_26_19_DataLog_0.parquet,test
20240423_11_23_54_segment_0,Normal_Target_Test,normal,spd1200,BckgE,imp23absu_mic_20240423_11_23_54_DataLog_0.parquet,ism330dhcx_acc_20240423_11_23_54_DataLog_0.parquet,ism330dhcx_gyro_20240423_11_23_54_DataLog_0.parquet,test
20240423_16_12_36_segment_0,Normal_Source_Test,normal,spd2800,BckgA,imp23absu_mic_20240423_16_12_36_DataLog_0.parquet,ism330dhcx_acc_20240423_16_12_36_DataLog_0.parquet,ism330dhcx_gyro_20240423_16_12_36_DataLog_0.parquet,test
20240423_17_07_40_segment_0,Anomaly_Source_Test,belt,spd1600,BckgD,imp23absu_mic_20240423_17_07_40_DataLog_0.parquet,ism330dhcx_acc_20240423_17_07_40_DataLog_0.parquet,ism330dhcx_gyro_20240423_17_07_40_DataLog_0.parquet,test
20240423_11_53_19_segment_0,Normal_Target_Test,normal,spd1300,BckgE,imp23absu_mic_20240423_11_53_19_DataLog_0.parquet,ism330dhcx_acc_20240423_11_53_19_DataLog_0.parquet,ism330dhcx_gyro_20240423_11_53_19_DataLog_0.parquet,test
20240423_17_46_02_segment_0,Anomaly_Target_Test,magnetic,spd1200,BckgG,imp23absu_mic_20240423_17_46_02_DataLog_0.parquet,ism330dhcx_acc_20240423_17_46_02_DataLog_0.parquet,ism330dhcx_gyro_20240423_17_46_02_DataLog_0.parquet,test
20240423_18_18_56_segment_0,Anomaly_Source_Test,magnetic,spd2800,BckgF,imp23absu_mic_20240423_18_18_56_DataLog_0.parquet,ism330dhcx_acc_20240423_18_18_56_DataLog_0.parquet,ism330dhcx_gyro_20240423_18_18_56_DataLog_0.parquet,test
20240423_17_49_14_segment_0,Anomaly_Target_Test,magnetic,spd1300,BckgG,imp23absu_mic_20240423_17_49_14_DataLog_0.parquet,ism330dhcx_acc_20240423_17_49_14_DataLog_0.parquet,ism330dhcx_gyro_20240423_17_49_14_DataLog_0.parquet,test
20240423_10_40_10_segment_0,Normal_Target_Test,normal,spd1000,BckgB,imp23absu_mic_20240423_10_40_10_DataLog_0.parquet,ism330dhcx_acc_20240423_10_40_10_DataLog_0.parquet,ism330dhcx_gyro_20240423_10_40_10_DataLog_0.parquet,test
20240423_11_46_13_segment_0,Normal_Target_Test,normal,spd1300,BckgB,imp23absu_mic_20240423_11_46_13_DataLog_0.parquet,ism330dhcx_acc_20240423_11_46_13_DataLog_0.parquet,ism330dhcx_gyro_20240423_11_46_13_DataLog_0.parquet,test
20240423_18_00_36_segment_0,Anomaly_Source_Test,magnetic,spd1600,BckgC,imp23absu_mic_20240423_18_00_36_DataLog_0.parquet,ism330dhcx_acc_20240423_18_00_36_DataLog_0.parquet,ism330dhcx_gyro_20240423_18_00_36_DataLog_0.parquet,test
20240423_15_32_01_segment_0,Normal_Source_Test,normal,spd2400,BckgD,imp23absu_mic_20240423_15_32_01_DataLog_0.parquet,ism330dhcx_acc_20240423_15_32_01_DataLog_0.parquet,ism330dhcx_gyro_20240423_15_32_01_DataLog_0.parquet,test
20240423_17_09_42_segment_0,Anomaly_Source_Test,belt,spd1700,BckgC,imp23absu_mic_20240423_17_09_42_DataLog_0.parquet,ism330dhcx_acc_20240423_17_09_42_DataLog_0.parquet,ism330dhcx_gyro_20240423_17_09_42_DataLog_0.parquet,test
20240423_17_00_04_segment_0,Anomaly_Target_Test,belt,spd1400,BckgG,imp23absu_mic_20240423_17_00_04_DataLog_0.parquet,ism330dhcx_acc_20240423_17_00_04_DataLog_0.parquet,ism330dhcx_gyro_20240423_17_00_04_DataLog_0.parquet,test
20240423_15_52_59_segment_0,Normal_Source_Test,normal,spd2800,BckgC,imp23absu_mic_20240423_15_52_59_DataLog_0.parquet,ism330dhcx_acc_20240423_15_52_59_DataLog_0.parquet,ism330dhcx_gyro_20240423_15_52_59_DataLog_0.parquet,test
20240423_12_14_23_segment_0,Normal_Target_Test,normal,spd1400,BckgB,imp23absu_mic_20240423_12_14_23_DataLog_0.parquet,ism330dhcx_acc_20240423_12_14_23_DataLog_0.parquet,ism330dhcx_gyro_20240423_12_14_23_DataLog_0.parquet,test
20240423_17_18_04_segment_0,Anomaly_Source_Test,belt,spd2000,BckgD,imp23absu_mic_20240423_17_18_04_DataLog_0.parquet,ism330dhcx_acc_20240423_17_18_04_DataLog_0.parquet,ism330dhcx_gyro_20240423_17_18_04_DataLog_0.parquet,test
20240423_18_05_38_segment_0,Anomaly_Source_Test,magnetic,spd1800,BckgC,imp23absu_mic_20240423_18_05_38_DataLog_0.parquet,ism330dhcx_acc_20240423_18_05_38_DataLog_0.parquet,ism330dhcx_gyro_20240423_18_05_38_DataLog_0.parquet,test
20240423_16_11_17_segment_0,Normal_Source_Test,normal,spd2800,BckgF,imp23absu_mic_20240423_16_11_17_DataLog_0.parquet,ism330dhcx_acc_20240423_16_11_17_DataLog_0.parquet,ism330dhcx_gyro_20240423_16_11_17_DataLog_0.parquet,test
20240423_17_53_42_segment_0,Anomaly_Target_Test,magnetic,spd1400,BckgE,imp23absu_mic_20240423_17_53_42_DataLog_0.parquet,ism330dhcx_acc_20240423_17_53_42_DataLog_0.parquet,ism330dhcx_gyro_20240423_17_53_42_DataLog_0.parquet,test
20240423_13_46_24_segment_0,Normal_Source_Test,normal,spd1700,BckgD,imp23absu_mic_20240423_13_46_24_DataLog_0.parquet,ism330dhcx_acc_20240423_13_46_24_DataLog_0.parquet,ism330dhcx_gyro_20240423_13_46_24_DataLog_0.parquet,test
20240423_17_06_03_segment_0,Anomaly_Source_Test,belt,spd1600,BckgC,imp23absu_mic_20240423_17_06_03_DataLog_0.parquet,ism330dhcx_acc_20240423_17_06_03_DataLog_0.parquet,ism330dhcx_gyro_20240423_17_06_03_DataLog_0.parquet,test
20240423_16_24_41_segment_0,Normal_Source_Test,normal,spd3000,BckgF,imp23absu_mic_20240423_16_24_41_DataLog_0.parquet,ism330dhcx_acc_20240423_16_24_41_DataLog_0.parquet,ism330dhcx_gyro_20240423_16_24_41_DataLog_0.parquet,test
20240423_16_52_40_segment_0,Anomaly_Target_Test,belt,spd1100,BckgB,imp23absu_mic_20240423_16_52_40_DataLog_0.parquet,ism330dhcx_acc_20240423_16_52_40_DataLog_0.parquet,ism330dhcx_gyro_20240423_16_52_40_DataLog_0.parquet,test
20240423_17_46_21_segment_0,Anomaly_Target_Test,magnetic,spd1200,BckgG,imp23absu_mic_20240423_17_46_21_DataLog_0.parquet,ism330dhcx_acc_20240423_17_46_21_DataLog_0.parquet,ism330dhcx_gyro_20240423_17_46_21_DataLog_0.parquet,test
20240423_11_17_37_segment_0,Normal_Target_Test,normal,spd1200,BckgG,imp23absu_mic_20240423_11_17_37_DataLog_0.parquet,ism330dhcx_acc_20240423_11_17_37_DataLog_0.parquet,ism330dhcx_gyro_20240423_11_17_37_DataLog_0.parquet,test
20240423_17_42_58_segment_0,Anomaly_Target_Test,magnetic,spd1100,BckgE,imp23absu_mic_20240423_17_42_58_DataLog_0.parquet,ism330dhcx_acc_20240423_17_42_58_DataLog_0.parquet,ism330dhcx_gyro_20240423_17_42_58_DataLog_0.parquet,test
20240423_12_23_15_segment_0,Normal_Target_Test,normal,spd1400,BckgE,imp23absu_mic_20240423_12_23_15_DataLog_0.parquet,ism330dhcx_acc_20240423_12_23_15_DataLog_0.parquet,ism330dhcx_gyro_20240423_12_23_15_DataLog_0.parquet,test
20240423_17_48_45_segment_0,Anomaly_Target_Test,magnetic,spd1300,BckgB,imp23absu_mic_20240423_17_48_45_DataLog_0.parquet,ism330dhcx_acc_20240423_17_48_45_DataLog_0.parquet,ism330dhcx_gyro_20240423_17_48_45_DataLog_0.parquet,test
20240423_11_17_27_segment_0,Normal_Target_Test,normal,spd1200,BckgB,imp23absu_mic_20240423_11_17_27_DataLog_0.parquet,ism330dhcx_acc_20240423_11_17_27_DataLog_0.parquet,ism330dhcx_gyro_20240423_11_17_27_DataLog_0.parquet,test
20240423_13_44_24_segment_0,Normal_Source_Test,normal,spd1700,BckgC,imp23absu_mic_20240423_13_44_24_DataLog_0.parquet,ism330dhcx_acc_20240423_13_44_24_DataLog_0.parquet,ism330dhcx_gyro_20240423_13_44_24_DataLog_0.parquet,test
20240423_16_48_36_segment_0,Anomaly_Target_Test,belt,spd1000,BckgG,imp23absu_mic_20240423_16_48_36_DataLog_0.parquet,ism330dhcx_acc_20240423_16_48_36_DataLog_0.parquet,ism330dhcx_gyro_20240423_16_48_36_DataLog_0.parquet,test
20240423_16_59_44_segment_0,Anomaly_Target_Test,belt,spd1400,BckgB,imp23absu_mic_20240423_16_59_44_DataLog_0.parquet,ism330dhcx_acc_20240423_16_59_44_DataLog_0.parquet,ism330dhcx_gyro_20240423_16_59_44_DataLog_0.parquet,test
20240423_12_29_32_segment_0,Normal_Target_Test,normal,spd1400,BckgE,imp23absu_mic_20240423_12_29_32_DataLog_0.parquet,ism330dhcx_acc_20240423_12_29_32_DataLog_0.parquet,ism330dhcx_gyro_20240423_12_29_32_DataLog_0.parquet,test
20240423_13_25_34_segment_0,Normal_Source_Test,normal,spd1600,BckgF,imp23absu_mic_20240423_13_25_34_DataLog_0.parquet,ism330dhcx_acc_20240423_13_25_34_DataLog_0.parquet,ism330dhcx_gyro_20240423_13_25_34_DataLog_0.parquet,test
20240423_18_15_02_segment_0,Anomaly_Source_Test,magnetic,spd2400,BckgF,imp23absu_mic_20240423_18_15_02_DataLog_0.parquet,ism330dhcx_acc_20240423_18_15_02_DataLog_0.parquet,ism330dhcx_gyro_20240423_18_15_02_DataLog_0.parquet,test
20240423_18_08_26_segment_0,Anomaly_Source_Test,magnetic,spd1900,BckgC,imp23absu_mic_20240423_18_08_26_DataLog_0.parquet,ism330dhcx_acc_20240423_18_08_26_DataLog_0.parquet,ism330dhcx_gyro_20240423_18_08_26_DataLog_0.parquet,test
20240423_17_11_42_segment_0,Anomaly_Source_Test,belt,spd1800,BckgA,imp23absu_mic_20240423_17_11_42_DataLog_0.parquet,ism330dhcx_acc_20240423_17_11_42_DataLog_0.parquet,ism330dhcx_gyro_20240423_17_11_42_DataLog_0.parquet,test
20240423_11_51_10_segment_0,Normal_Target_Test,normal,spd1300,BckgB,imp23absu_mic_20240423_11_51_10_DataLog_0.parquet,ism330dhcx_acc_20240423_11_51_10_DataLog_0.parquet,ism330dhcx_gyro_20240423_11_51_10_DataLog_0.parquet,test
20240423_12_53_45_segment_0,Normal_Source_Test,normal,spd1500,BckgF,imp23absu_mic_20240423_12_53_45_DataLog_0.parquet,ism330dhcx_acc_20240423_12_53_45_DataLog_0.parquet,ism330dhcx_gyro_20240423_12_53_45_DataLog_0.parquet,test
20240423_11_18_07_segment_0,Normal_Target_Test,normal,spd1200,BckgB,imp23absu_mic_20240423_11_18_07_DataLog_0.parquet,ism330dhcx_acc_20240423_11_18_07_DataLog_0.parquet,ism330dhcx_gyro_20240423_11_18_07_DataLog_0.parquet,test
20240423_17_10_50_segment_0,Anomaly_Source_Test,belt,spd1700,BckgA,imp23absu_mic_20240423_17_10_50_DataLog_0.parquet,ism330dhcx_acc_20240423_17_10_50_DataLog_0.parquet,ism330dhcx_gyro_20240423_17_10_50_DataLog_0.parquet,test
20240423_14_10_24_segment_0,Normal_Source_Test,normal,spd1800,BckgF,imp23absu_mic_20240423_14_10_24_DataLog_0.parquet,ism330dhcx_acc_20240423_14_10_24_DataLog_0.parquet,ism330dhcx_gyro_20240423_14_10_24_DataLog_0.parquet,test
20240423_13_38_08_segment_0,Normal_Source_Test,normal,spd1700,BckgC,imp23absu_mic_20240423_13_38_08_DataLog_0.parquet,ism330dhcx_acc_20240423_13_38_08_DataLog_0.parquet,ism330dhcx_gyro_20240423_13_38_08_DataLog_0.parquet,test
20240423_17_49_04_segment_0,Anomaly_Target_Test,magnetic,spd1300,BckgG,imp23absu_mic_20240423_17_49_04_DataLog_0.parquet,ism330dhcx_acc_20240423_17_49_04_DataLog_0.parquet,ism330dhcx_gyro_20240423_17_49_04_DataLog_0.parquet,test
20240423_17_28_11_segment_0,Anomaly_Source_Test,belt,spd3000,BckgD,imp23absu_mic_20240423_17_28_11_DataLog_0.parquet,ism330dhcx_acc_20240423_17_28_11_DataLog_0.parquet,ism330dhcx_gyro_20240423_17_28_11_DataLog_0.parquet,test
20240423_17_15_47_segment_0,Anomaly_Source_Test,belt,spd1900,BckgD,imp23absu_mic_20240423_17_15_47_DataLog_0.parquet,ism330dhcx_acc_20240423_17_15_47_DataLog_0.parquet,ism330dhcx_gyro_20240423_17_15_47_DataLog_0.parquet,test
20240423_17_04_44_segment_0,Anomaly_Source_Test,belt,spd1500,BckgD,imp23absu_mic_20240423_17_04_44_DataLog_0.parquet,ism330dhcx_acc_20240423_17_04_44_DataLog_0.parquet,ism330dhcx_gyro_20240423_17_04_44_DataLog_0.parquet,test
20240423_11_05_26_segment_0,Normal_Target_Test,normal,spd1100,BckgG,imp23absu_mic_20240423_11_05_26_DataLog_0.parquet,ism330dhcx_acc_20240423_11_05_26_DataLog_0.parquet,ism330dhcx_gyro_20240423_11_05_26_DataLog_0.parquet,test
20240423_17_59_16_segment_0,Anomaly_Source_Test,magnetic,spd1600,BckgF,imp23absu_mic_20240423_17_59_16_DataLog_0.parquet,ism330dhcx_acc_20240423_17_59_16_DataLog_0.parquet,ism330dhcx_gyro_20240423_17_59_16_DataLog_0.parquet,test
20240423_18_22_11_segment_0,Anomaly_Source_Test,magnetic,spd3000,BckgC,imp23absu_mic_20240423_18_22_11_DataLog_0.parquet,ism330dhcx_acc_20240423_18_22_11_DataLog_0.parquet,ism330dhcx_gyro_20240423_18_22_11_DataLog_0.parquet,test
20240423_12_16_58_segment_0,Normal_Target_Test,normal,spd1400,BckgE,imp23absu_mic_20240423_12_16_58_DataLog_0.parquet,ism330dhcx_acc_20240423_12_16_58_DataLog_0.parquet,ism330dhcx_gyro_20240423_12_16_58_DataLog_0.parquet,test
20240423_13_03_46_segment_0,Normal_Source_Test,normal,spd1500,BckgA,imp23absu_mic_20240423_13_03_46_DataLog_0.parquet,ism330dhcx_acc_20240423_13_03_46_DataLog_0.parquet,ism330dhcx_gyro_20240423_13_03_46_DataLog_0.parquet,test
20240423_17_00_23_segment_0,Anomaly_Target_Test,belt,spd1400,BckgE,imp23absu_mic_20240423_17_00_23_DataLog_0.parquet,ism330dhcx_acc_20240423_17_00_23_DataLog_0.parquet,ism330dhcx_gyro_20240423_17_00_23_DataLog_0.parquet,test
20240423_18_13_57_segment_0,Anomaly_Source_Test,magnetic,spd2000,BckgA,imp23absu_mic_20240423_18_13_57_DataLog_0.parquet,ism330dhcx_acc_20240423_18_13_57_DataLog_0.parquet,ism330dhcx_gyro_20240423_18_13_57_DataLog_0.parquet,test
20240423_16_30_17_segment_0,Normal_Source_Test,normal,spd3000,BckgA,imp23absu_mic_20240423_16_30_17_DataLog_0.parquet,ism330dhcx_acc_20240423_16_30_17_DataLog_0.parquet,ism330dhcx_gyro_20240423_16_30_17_DataLog_0.parquet,test
20240423_16_53_19_segment_0,Anomaly_Target_Test,belt,spd1100,BckgE,imp23absu_mic_20240423_16_53_19_DataLog_0.parquet,ism330dhcx_acc_20240423_16_53_19_DataLog_0.parquet,ism330dhcx_gyro_20240423_16_53_19_DataLog_0.parquet,test
20240423_17_02_38_segment_0,Anomaly_Source_Test,belt,spd1500,BckgA,imp23absu_mic_20240423_17_02_38_DataLog_0.parquet,ism330dhcx_acc_20240423_17_02_38_DataLog_0.parquet,ism330dhcx_gyro_20240423_17_02_38_DataLog_0.parquet,test
20240423_15_06_11_segment_0,Normal_Source_Test,normal,spd2000,BckgD,imp23absu_mic_20240423_15_06_11_DataLog_0.parquet,ism330dhcx_acc_20240423_15_06_11_DataLog_0.parquet,ism330dhcx_gyro_20240423_15_06_11_DataLog_0.parquet,test
20240423_17_04_25_segment_0,Anomaly_Source_Test,belt,spd1500,BckgC,imp23absu_mic_20240423_17_04_25_DataLog_0.parquet,ism330dhcx_acc_20240423_17_04_25_DataLog_0.parquet,ism330dhcx_gyro_20240423_17_04_25_DataLog_0.parquet,test
20240423_16_58_01_segment_0,Anomaly_Target_Test,belt,spd1300,BckgE,imp23absu_mic_20240423_16_58_01_DataLog_0.parquet,ism330dhcx_acc_20240423_16_58_01_DataLog_0.parquet,ism330dhcx_gyro_20240423_16_58_01_DataLog_0.parquet,test
20240423_13_09_16_segment_0,Normal_Source_Test,normal,spd1600,BckgA,imp23absu_mic_20240423_13_09_16_DataLog_0.parquet,ism330dhcx_acc_20240423_13_09_16_DataLog_0.parquet,ism330dhcx_gyro_20240423_13_09_16_DataLog_0.parquet,test
20240423_18_11_48_segment_0,Anomaly_Source_Test,magnetic,spd2000,BckgC,imp23absu_mic_20240423_18_11_48_DataLog_0.parquet,ism330dhcx_acc_20240423_18_11_48_DataLog_0.parquet,ism330dhcx_gyro_20240423_18_11_48_DataLog_0.parquet,test
20240423_17_19_02_segment_0,Anomaly_Source_Test,belt,spd2000,BckgF,imp23absu_mic_20240423_17_19_02_DataLog_0.parquet,ism330dhcx_acc_20240423_17_19_02_DataLog_0.parquet,ism330dhcx_gyro_20240423_17_19_02_DataLog_0.parquet,test
20240423_11_53_29_segment_0,Normal_Target_Test,normal,spd1300,BckgG,imp23absu_mic_20240423_11_53_29_DataLog_0.parquet,ism330dhcx_acc_20240423_11_53_29_DataLog_0.parquet,ism330dhcx_gyro_20240423_11_53_29_DataLog_0.parquet,test
20240423_17_39_58_segment_0,Anomaly_Target_Test,magnetic,spd1000,BckgE,imp23absu_mic_20240423_17_39_58_DataLog_0.parquet,ism330dhcx_acc_20240423_17_39_58_DataLog_0.parquet,ism330dhcx_gyro_20240423_17_39_58_DataLog_0.parquet,test
20240423_18_01_39_segment_0,Anomaly_Source_Test,magnetic,spd1700,BckgF,imp23absu_mic_20240423_18_01_39_DataLog_0.parquet,ism330dhcx_acc_20240423_18_01_39_DataLog_0.parquet,ism330dhcx_gyro_20240423_18_01_39_DataLog_0.parquet,test
20240423_10_38_29_segment_0,Normal_Target_Test,normal,spd1000,BckgB,imp23absu_mic_20240423_10_38_29_DataLog_0.parquet,ism330dhcx_acc_20240423_10_38_29_DataLog_0.parquet,ism330dhcx_gyro_20240423_10_38_29_DataLog_0.parquet,test
20240423_17_21_53_segment_0,Anomaly_Source_Test,belt,spd2400,BckgD,imp23absu_mic_20240423_17_21_53_DataLog_0.parquet,ism330dhcx_acc_20240423_17_21_53_DataLog_0.parquet,ism330dhcx_gyro_20240423_17_21_53_DataLog_0.parquet,test
20240423_15_10_03_segment_0,Normal_Source_Test,normal,spd2000,BckgC,imp23absu_mic_20240423_15_10_03_DataLog_0.parquet,ism330dhcx_acc_20240423_15_10_03_DataLog_0.parquet,ism330dhcx_gyro_20240423_15_10_03_DataLog_0.parquet,test
20240423_18_09_15_segment_0,Anomaly_Source_Test,magnetic,spd1900,BckgF,imp23absu_mic_20240423_18_09_15_DataLog_0.parquet,ism330dhcx_acc_20240423_18_09_15_DataLog_0.parquet,ism330dhcx_gyro_20240423_18_09_15_DataLog_0.parquet,test
20240423_10_20_50_segment_0,Normal_Target_Test,normal,spd1000,BckgB,imp23absu_mic_20240423_10_20_50_DataLog_0.parquet,ism330dhcx_acc_20240423_10_20_50_DataLog_0.parquet,ism330dhcx_gyro_20240423_10_20_50_DataLog_0.parquet,test
20240423_12_17_27_segment_0,Normal_Target_Test,normal,spd1400,BckgE,imp23absu_mic_20240423_12_17_27_DataLog_0.parquet,ism330dhcx_acc_20240423_12_17_27_DataLog_0.parquet,ism330dhcx_gyro_20240423_12_17_27_DataLog_0.parquet,test
20240423_14_05_16_segment_0,Normal_Source_Test,normal,spd1800,BckgC,imp23absu_mic_20240423_14_05_16_DataLog_0.parquet,ism330dhcx_acc_20240423_14_05_16_DataLog_0.parquet,ism330dhcx_gyro_20240423_14_05_16_DataLog_0.parquet,test
20240423_11_32_19_segment_0,Normal_Target_Test,normal,spd1200,BckgE,imp23absu_mic_20240423_11_32_19_DataLog_0.parquet,ism330dhcx_acc_20240423_11_32_19_DataLog_0.parquet,ism330dhcx_gyro_20240423_11_32_19_DataLog_0.parquet,test
20240423_15_23_55_segment_0,Normal_Source_Test,normal,spd2400,BckgC,imp23absu_mic_20240423_15_23_55_DataLog_0.parquet,ism330dhcx_acc_20240423_15_23_55_DataLog_0.parquet,ism330dhcx_gyro_20240423_15_23_55_DataLog_0.parquet,test
20240423_16_10_08_segment_0,Normal_Source_Test,normal,spd2800,BckgA,imp23absu_mic_20240423_16_10_08_DataLog_0.parquet,ism330dhcx_acc_20240423_16_10_08_DataLog_0.parquet,ism330dhcx_gyro_20240423_16_10_08_DataLog_0.parquet,test
20240423_10_31_31_segment_0,Normal_Target_Test,normal,spd1000,BckgG,imp23absu_mic_20240423_10_31_31_DataLog_0.parquet,ism330dhcx_acc_20240423_10_31_31_DataLog_0.parquet,ism330dhcx_gyro_20240423_10_31_31_DataLog_0.parquet,test
20240423_11_47_03_segment_0,Normal_Target_Test,normal,spd1300,BckgB,imp23absu_mic_20240423_11_47_03_DataLog_0.parquet,ism330dhcx_acc_20240423_11_47_03_DataLog_0.parquet,ism330dhcx_gyro_20240423_11_47_03_DataLog_0.parquet,test
20240423_15_52_10_segment_0,Normal_Source_Test,normal,spd2800,BckgA,imp23absu_mic_20240423_15_52_10_DataLog_0.parquet,ism330dhcx_acc_20240423_15_52_10_DataLog_0.parquet,ism330dhcx_gyro_20240423_15_52_10_DataLog_0.parquet,test
20240423_18_22_20_segment_0,Anomaly_Source_Test,magnetic,spd3000,BckgF,imp23absu_mic_20240423_18_22_20_DataLog_0.parquet,ism330dhcx_acc_20240423_18_22_20_DataLog_0.parquet,ism330dhcx_gyro_20240423_18_22_20_DataLog_0.parquet,test
20240423_12_55_42_segment_0,Normal_Source_Test,normal,spd1500,BckgC,imp23absu_mic_20240423_12_55_42_DataLog_0.parquet,ism330dhcx_acc_20240423_12_55_42_DataLog_0.parquet,ism330dhcx_gyro_20240423_12_55_42_DataLog_0.parquet,test
20240423_13_27_42_segment_0,Normal_Source_Test,normal,spd1600,BckgC,imp23absu_mic_20240423_13_27_42_DataLog_0.parquet,ism330dhcx_acc_20240423_13_27_42_DataLog_0.parquet,ism330dhcx_gyro_20240423_13_27_42_DataLog_0.parquet,test
20240423_17_53_52_segment_0,Anomaly_Target_Test,magnetic,spd1400,BckgG,imp23absu_mic_20240423_17_53_52_DataLog_0.parquet,ism330dhcx_acc_20240423_17_53_52_DataLog_0.parquet,ism330dhcx_gyro_20240423_17_53_52_DataLog_0.parquet,test
20240423_14_00_28_segment_0,Normal_Source_Test,normal,spd1800,BckgD,imp23absu_mic_20240423_14_00_28_DataLog_0.parquet,ism330dhcx_acc_20240423_14_00_28_DataLog_0.parquet,ism330dhcx_gyro_20240423_14_00_28_DataLog_0.parquet,test
20240423_15_41_19_segment_0,Normal_Source_Test,normal,spd2400,BckgA,imp23absu_mic_20240423_15_41_19_DataLog_0.parquet,ism330dhcx_acc_20240423_15_41_19_DataLog_0.parquet,ism330dhcx_gyro_20240423_15_41_19_DataLog_0.parquet,test
20240423_16_33_04_segment_0,Normal_Source_Test,normal,spd3000,BckgD,imp23absu_mic_20240423_16_33_04_DataLog_0.parquet,ism330dhcx_acc_20240423_16_33_04_DataLog_0.parquet,ism330dhcx_gyro_20240423_16_33_04_DataLog_0.parquet,test
20240423_16_55_40_segment_0,Anomaly_Target_Test,belt,spd1200,BckgE,imp23absu_mic_20240423_16_55_40_DataLog_0.parquet,ism330dhcx_acc_20240423_16_55_40_DataLog_0.parquet,ism330dhcx_gyro_20240423_16_55_40_DataLog_0.parquet,test
20240423_17_23_28_segment_0,Anomaly_Source_Test,belt,spd2800,BckgC,imp23absu_mic_20240423_17_23_28_DataLog_0.parquet,ism330dhcx_acc_20240423_17_23_28_DataLog_0.parquet,ism330dhcx_gyro_20240423_17_23_28_DataLog_0.parquet,test
20240423_15_08_46_segment_0,Normal_Source_Test,normal,spd2000,BckgA,imp23absu_mic_20240423_15_08_46_DataLog_0.parquet,ism330dhcx_acc_20240423_15_08_46_DataLog_0.parquet,ism330dhcx_gyro_20240423_15_08_46_DataLog_0.parquet,test
20240423_17_45_02_segment_0,Anomaly_Target_Test,magnetic,spd1200,BckgG,imp23absu_mic_20240423_17_45_02_DataLog_0.parquet,ism330dhcx_acc_20240423_17_45_02_DataLog_0.parquet,ism330dhcx_gyro_20240423_17_45_02_DataLog_0.parquet,test
20240423_14_15_01_segment_0,Normal_Source_Test,normal,spd1800,BckgF,imp23absu_mic_20240423_14_15_01_DataLog_0.parquet,ism330dhcx_acc_20240423_14_15_01_DataLog_0.parquet,ism330dhcx_gyro_20240423_14_15_01_DataLog_0.parquet,test
20240423_16_50_03_segment_0,Anomaly_Target_Test,belt,spd1000,BckgG,imp23absu_mic_20240423_16_50_03_DataLog_0.parquet,ism330dhcx_acc_20240423_16_50_03_DataLog_0.parquet,ism330dhcx_gyro_20240423_16_50_03_DataLog_0.parquet,test
20240423_12_19_13_segment_0,Normal_Target_Test,normal,spd1400,BckgG,imp23absu_mic_20240423_12_19_13_DataLog_0.parquet,ism330dhcx_acc_20240423_12_19_13_DataLog_0.parquet,ism330dhcx_gyro_20240423_12_19_13_DataLog_0.parquet,test
20240423_18_03_58_segment_0,Anomaly_Source_Test,magnetic,spd1700,BckgA,imp23absu_mic_20240423_18_03_58_DataLog_0.parquet,ism330dhcx_acc_20240423_18_03_58_DataLog_0.parquet,ism330dhcx_gyro_20240423_18_03_58_DataLog_0.parquet,test
20240423_12_26_28_segment_0,Normal_Target_Test,normal,spd1400,BckgG,imp23absu_mic_20240423_12_26_28_DataLog_0.parquet,ism330dhcx_acc_20240423_12_26_28_DataLog_0.parquet,ism330dhcx_gyro_20240423_12_26_28_DataLog_0.parquet,test
20240423_10_53_26_segment_0,Normal_Target_Test,normal,spd1100,BckgE,imp23absu_mic_20240423_10_53_26_DataLog_0.parquet,ism330dhcx_acc_20240423_10_53_26_DataLog_0.parquet,ism330dhcx_gyro_20240423_10_53_26_DataLog_0.parquet,test
20240423_15_29_07_segment_0,Normal_Source_Test,normal,spd2400,BckgF,imp23absu_mic_20240423_15_29_07_DataLog_0.parquet,ism330dhcx_acc_20240423_15_29_07_DataLog_0.parquet,ism330dhcx_gyro_20240423_15_29_07_DataLog_0.parquet,test
20240423_16_51_52_segment_0,Anomaly_Target_Test,belt,spd1100,BckgB,imp23absu_mic_20240423_16_51_52_DataLog_0.parquet,ism330dhcx_acc_20240423_16_51_52_DataLog_0.parquet,ism330dhcx_gyro_20240423_16_51_52_DataLog_0.parquet,test
20240423_12_05_04_segment_0,Normal_Target_Test,normal,spd1300,BckgE,imp23absu_mic_20240423_12_05_04_DataLog_0.parquet,ism330dhcx_acc_20240423_12_05_04_DataLog_0.parquet,ism330dhcx_gyro_20240423_12_05_04_DataLog_0.parquet,test
20240423_17_38_02_segment_0,Anomaly_Target_Test,magnetic,spd1000,BckgG,imp23absu_mic_20240423_17_38_02_DataLog_0.parquet,ism330dhcx_acc_20240423_17_38_02_DataLog_0.parquet,ism330dhcx_gyro_20240423_17_38_02_DataLog_0.parquet,test
